subscriber_id,record_opening_time,record_closing_time,cc_total_octets_bytes,cc_input_octets_bytes,cc_output_octets_bytes,load_date
SUB_256B9C17,2026-05-16 11:00:00,2026-05-16 10:00:00,0,110259189,9564967,2026-05-17 05:04:50
SUB_556948BC,2026-05-16 11:00:00,2026-05-16 10:00:00,0,47358613,4290261,2026-05-17 05:04:50
SUB_D12E66DC,2026-05-16 11:00:00,2026-05-16 10:00:00,0,41774130,3644385,2026-05-17 05:04:50
SUB_2D3D7444,2026-05-16 11:00:00,2026-05-16 10:00:00,0,91574208,1011061,2026-05-17 05:04:50
SUB_3ACABCD2,2026-05-16 11:00:00,2026-05-16 10:00:00,0,103316740,1624909,2026-05-17 05:04:50
SUB_85F23BFC,2026-05-16 11:00:00,2026-05-16 10:00:00,0,92667175,1183990,2026-05-17 05:04:50
SUB_5696B18E,2026-05-16 11:00:00,2026-05-16 10:00:00,0,19852757,7866497,2026-05-17 05:04:50
SUB_D10AA685,2026-05-16 11:00:00,2026-05-16 10:00:00,0,85388407,8013431,2026-05-17 05:04:50
SUB_CD0BF794,2026-05-16 11:00:00,2026-05-16 10:00:00,0,27952921,2363604,2026-05-17 05:04:50
SUB_9A539B6E,2026-05-16 11:00:00,2026-05-16 10:00:00,0,64745594,4427701,2026-05-17 05:04:50
SUB_E11340B7,2026-05-16 11:00:00,2026-05-16 10:00:00,0,73677472,5456756,2026-05-17 05:04:50
SUB_5487BF35,2026-05-16 11:00:00,2026-05-16 10:00:00,0,19912994,9397319,2026-05-17 05:04:50
SUB_3C463327,2026-05-16 11:00:00,2026-05-16 10:00:00,0,41223473,2703417,2026-05-17 05:04:50
SUB_7960C24D,2026-05-16 11:00:00,2026-05-16 10:00:00,0,76683442,6310654,2026-05-17 05:04:50
SUB_762F3FB9,2026-05-16 11:00:00,2026-05-16 10:00:00,0,63828671,9217259,2026-05-17 05:04:50
SUB_9DC66CB6,2026-05-16 11:00:00,2026-05-16 10:00:00,0,33870095,7707732,2026-05-17 05:04:50
SUB_469DECD4,2026-05-16 11:00:00,2026-05-16 10:00:00,0,5880400,1439086,2026-05-17 05:04:50
SUB_27BC09E6,2026-05-16 11:00:00,2026-05-16 10:00:00,0,64186534,8641368,2026-05-17 05:04:50
SUB_8D90F41A,2026-05-16 11:00:00,2026-05-16 10:00:00,0,19548765,8374757,2026-05-17 05:04:50
SUB_C4C614FF,2026-05-16 11:00:00,2026-05-16 10:00:00,0,103961657,4233879,2026-05-17 05:04:50
SUB_AE434EA6,2026-05-16 11:00:00,2026-05-16 10:00:00,0,119422034,8020588,2026-05-17 05:04:50
SUB_B25F9215,2026-05-16 11:00:00,2026-05-16 10:00:00,0,22996403,8160560,2026-05-17 05:04:50
SUB_A962A1EE,2026-05-16 11:00:00,2026-05-16 10:00:00,0,60375833,6171565,2026-05-17 05:04:50
SUB_24D4CA7E,2026-05-16 11:00:00,2026-05-16 10:00:00,0,3758865,4701696,2026-05-17 05:04:50
SUB_42DA1234,2026-05-16 11:00:00,2026-05-16 10:00:00,0,8905973,696406,2026-05-17 05:04:50
SUB_B82EB96A,2026-05-16 11:00:00,2026-05-16 10:00:00,0,60984016,7964741,2026-05-17 05:04:50
SUB_332D2F17,2026-05-16 11:00:00,2026-05-16 10:00:00,0,36764807,9529224,2026-05-17 05:04:50
SUB_9DDC604A,2026-05-16 11:00:00,2026-05-16 10:00:00,0,52089893,6290966,2026-05-17 05:04:50
SUB_381947A4,2026-05-16 11:00:00,2026-05-16 10:00:00,0,63571831,4230164,2026-05-17 05:04:50
SUB_2254063B,2026-05-16 11:00:00,2026-05-16 10:00:00,0,44508344,6376089,2026-05-17 05:04:50
SUB_FDCB4363,2026-05-16 11:00:00,2026-05-16 10:00:00,0,109836274,1762913,2026-05-17 05:04:50
SUB_6FCCB5F8,2026-05-16 11:00:00,2026-05-16 10:00:00,0,111767649,8091451,2026-05-17 05:04:50
SUB_7A562A3F,2026-05-16 11:00:00,2026-05-16 10:00:00,0,107676777,2030810,2026-05-17 05:04:50
SUB_6D069BC0,2026-05-16 11:00:00,2026-05-16 10:00:00,0,57586208,4426064,2026-05-17 05:04:50
SUB_55E8CF6C,2026-05-16 11:00:00,2026-05-16 10:00:00,0,90236814,1923006,2026-05-17 05:04:50
SUB_56C50571,2026-05-16 11:00:00,2026-05-16 10:00:00,0,118172068,1925908,2026-05-17 05:04:50
SUB_97FB8B39,2026-05-16 11:00:00,2026-05-16 10:00:00,0,115386147,7305035,2026-05-17 05:04:50
SUB_67729E4F,2026-05-16 11:00:00,2026-05-16 10:00:00,0,84253491,7555395,2026-05-17 05:04:50
SUB_0AD77C5A,2026-05-16 11:00:00,2026-05-16 10:00:00,0,54190181,5404766,2026-05-17 05:04:50
SUB_AEDC4BD3,2026-05-16 11:00:00,2026-05-16 10:00:00,0,92473114,1258070,2026-05-17 05:04:50
SUB_2429C191,2026-05-16 11:00:00,2026-05-16 10:00:00,0,96892755,5041786,2026-05-17 05:04:50
SUB_3D53A8B1,2026-05-16 11:00:00,2026-05-16 10:00:00,0,52056314,9605800,2026-05-17 05:04:50
SUB_1E6E8B01,2026-05-16 11:00:00,2026-05-16 10:00:00,0,70840478,8231246,2026-05-17 05:04:50
SUB_25DE6068,2026-05-16 11:00:00,2026-05-16 10:00:00,0,90476258,3016514,2026-05-17 05:04:50
SUB_05885E88,2026-05-16 11:00:00,2026-05-16 10:00:00,0,73275484,988306,2026-05-17 05:04:50
SUB_C86155FA,2026-05-16 11:00:00,2026-05-16 10:00:00,0,47215423,2219589,2026-05-17 05:04:50
SUB_3F8FE6DB,2026-05-16 11:00:00,2026-05-16 10:00:00,0,104918960,5888442,2026-05-17 05:04:50
SUB_C76C4E1A,2026-05-16 11:00:00,2026-05-16 10:00:00,0,17250520,1039219,2026-05-17 05:04:50
SUB_65C7AF3C,2026-05-16 11:00:00,2026-05-16 10:00:00,0,112563137,3400526,2026-05-17 05:04:50
SUB_32BD8321,2026-05-16 11:00:00,2026-05-16 10:00:00,0,12804571,4460728,2026-05-17 05:04:50
SUB_F2E73C4A,2026-05-16 11:00:00,2026-05-16 10:00:00,0,72090066,3785927,2026-05-17 05:04:50
SUB_A14874CC,2026-05-16 11:00:00,2026-05-16 10:00:00,0,68919010,8005836,2026-05-17 05:04:50
SUB_2BABFB14,2026-05-16 11:00:00,2026-05-16 10:00:00,0,6611167,3237462,2026-05-17 05:04:50
SUB_E4BF8967,2026-05-16 11:00:00,2026-05-16 10:00:00,0,103426215,3890967,2026-05-17 05:04:50
SUB_ED407866,2026-05-16 11:00:00,2026-05-16 10:00:00,0,98627247,7496186,2026-05-17 05:04:50
SUB_7351513A,2026-05-16 11:00:00,2026-05-16 10:00:00,0,20763468,1722870,2026-05-17 05:04:50
SUB_4436F0A2,2026-05-16 11:00:00,2026-05-16 10:00:00,0,70158736,1510323,2026-05-17 05:04:50
SUB_86C7538C,2026-05-16 11:00:00,2026-05-16 10:00:00,0,95985449,5557930,2026-05-17 05:04:50
SUB_74ADC143,2026-05-16 11:00:00,2026-05-16 10:00:00,0,12874828,4525916,2026-05-17 05:04:50
SUB_0622ABC1,2026-05-16 11:00:00,2026-05-16 10:00:00,0,36539460,7642230,2026-05-17 05:04:50
SUB_D98B0B4E,2026-05-16 11:00:00,2026-05-16 10:00:00,0,48165660,4363166,2026-05-17 05:04:50
SUB_7F6F4439,2026-05-16 11:00:00,2026-05-16 10:00:00,0,119455759,6965232,2026-05-17 05:04:50
SUB_31DFD80D,2026-05-16 11:00:00,2026-05-16 10:00:00,0,33683617,4086693,2026-05-17 05:04:50
SUB_C75C3820,2026-05-16 11:00:00,2026-05-16 10:00:00,0,104016838,6326611,2026-05-17 05:04:50
SUB_D3785525,2026-05-16 11:00:00,2026-05-16 10:00:00,0,7232059,5789775,2026-05-17 05:04:50
SUB_EE6E5BA3,2026-05-16 11:00:00,2026-05-16 10:00:00,0,110389480,5204574,2026-05-17 05:04:50
SUB_08FF67B2,2026-05-16 11:00:00,2026-05-16 10:00:00,0,32124564,8109629,2026-05-17 05:04:50
SUB_D1DE64B0,2026-05-16 11:00:00,2026-05-16 10:00:00,0,101578191,1484043,2026-05-17 05:04:50
SUB_CBB1AED0,2026-05-16 11:00:00,2026-05-16 10:00:00,0,25090873,8873522,2026-05-17 05:04:50
SUB_2CB54DAE,2026-05-16 11:00:00,2026-05-16 10:00:00,0,102405068,4396915,2026-05-17 05:04:50
SUB_AA33AA6D,2026-05-16 11:00:00,2026-05-16 10:00:00,0,75852862,6254781,2026-05-17 05:04:50
SUB_9A653B0C,2026-05-16 11:00:00,2026-05-16 10:00:00,0,31245523,1034138,2026-05-17 05:04:50
SUB_CCFA72C3,2026-05-16 11:00:00,2026-05-16 10:00:00,0,36183521,9275048,2026-05-17 05:04:50
SUB_C3354E89,2026-05-16 11:00:00,2026-05-16 10:00:00,0,73050891,358988,2026-05-17 05:04:50
SUB_F42A7555,2026-05-16 11:00:00,2026-05-16 10:00:00,0,81276101,528071,2026-05-17 05:04:50
SUB_793699F4,2026-05-16 11:00:00,2026-05-16 10:00:00,0,114206418,2805717,2026-05-17 05:04:50
SUB_33CDA2B2,2026-05-16 11:00:00,2026-05-16 10:00:00,0,22233763,1876092,2026-05-17 05:04:50
SUB_A1B4C210,2026-05-16 11:00:00,2026-05-16 10:00:00,0,84741246,4031402,2026-05-17 05:04:50
SUB_D7F4872C,2026-05-16 11:00:00,2026-05-16 10:00:00,0,84972407,9706590,2026-05-17 05:04:50
SUB_8DD5500D,2026-05-16 11:00:00,2026-05-16 10:00:00,0,93554370,263479,2026-05-17 05:04:50
SUB_EF99C091,2026-05-16 11:00:00,2026-05-16 10:00:00,0,106759322,8812085,2026-05-17 05:04:50
SUB_E7D13122,2026-05-16 11:00:00,2026-05-16 10:00:00,0,76908431,7330660,2026-05-17 05:04:50
SUB_7B783CF0,2026-05-16 11:00:00,2026-05-16 10:00:00,0,88785089,1673909,2026-05-17 05:04:50
SUB_5ED67281,2026-05-16 11:00:00,2026-05-16 10:00:00,0,40038736,6629097,2026-05-17 05:04:50
SUB_F052A825,2026-05-16 11:00:00,2026-05-16 10:00:00,0,106387474,927560,2026-05-17 05:04:50
SUB_841848D7,2026-05-16 11:00:00,2026-05-16 10:00:00,0,92753621,9267693,2026-05-17 05:04:50
SUB_F636A4D0,2026-05-16 11:00:00,2026-05-16 10:00:00,0,86349167,3496761,2026-05-17 05:04:50
SUB_EB8CD63A,2026-05-16 11:00:00,2026-05-16 10:00:00,0,53328836,5742291,2026-05-17 05:04:50
SUB_EFA60CA8,2026-05-16 11:00:00,2026-05-16 10:00:00,0,23613077,3017648,2026-05-17 05:04:50
SUB_0993DE89,2026-05-16 11:00:00,2026-05-16 10:00:00,0,50989483,2014677,2026-05-17 05:04:50
SUB_F29E8777,2026-05-16 11:00:00,2026-05-16 10:00:00,0,109088232,5509087,2026-05-17 05:04:50
SUB_ECC03EC6,2026-05-16 11:00:00,2026-05-16 10:00:00,0,31665144,4147459,2026-05-17 05:04:50
SUB_313AA8F6,2026-05-16 11:00:00,2026-05-16 10:00:00,0,10783045,3807323,2026-05-17 05:04:50
SUB_72702580,2026-05-16 11:00:00,2026-05-16 10:00:00,0,78494018,8848490,2026-05-17 05:04:50
SUB_AFA402EA,2026-05-16 11:00:00,2026-05-16 10:00:00,0,15360558,1893634,2026-05-17 05:04:50
SUB_91396849,2026-05-16 11:00:00,2026-05-16 10:00:00,0,51959534,9355419,2026-05-17 05:04:50
SUB_5C5C4621,2026-05-16 11:00:00,2026-05-16 10:00:00,0,5616419,2826726,2026-05-17 05:04:50
SUB_C4916B35,2026-05-16 11:00:00,2026-05-16 10:00:00,0,16995798,2805389,2026-05-17 05:04:50
SUB_F7AEB7C3,2026-05-16 11:00:00,2026-05-16 10:00:00,0,90370520,6674899,2026-05-17 05:04:50
SUB_AE44325D,2026-05-16 11:00:00,2026-05-16 10:00:00,0,101496405,2799231,2026-05-17 05:04:50
SUB_8488649B,2026-05-16 11:00:00,2026-05-16 10:00:00,0,93442384,4922630,2026-05-17 05:04:50
SUB_0B7F4329,2026-05-16 11:00:00,2026-05-16 10:00:00,0,12366640,611285,2026-05-17 05:04:50
SUB_286DA0C2,2026-05-16 11:00:00,2026-05-16 10:00:00,0,48057147,5125978,2026-05-17 05:04:50
SUB_AD7DF0A1,2026-05-16 11:00:00,2026-05-16 10:00:00,0,110964576,514191,2026-05-17 05:04:50
SUB_AF8CE03A,2026-05-16 11:00:00,2026-05-16 10:00:00,0,35374149,582707,2026-05-17 05:04:50
SUB_C531BCAF,2026-05-16 11:00:00,2026-05-16 10:00:00,0,18755479,5364879,2026-05-17 05:04:50
SUB_FC032076,2026-05-16 11:00:00,2026-05-16 10:00:00,0,110255647,3292624,2026-05-17 05:04:50
SUB_696C705C,2026-05-16 11:00:00,2026-05-16 10:00:00,0,6856516,603308,2026-05-17 05:04:50
SUB_55941FBD,2026-05-16 11:00:00,2026-05-16 10:00:00,0,75701714,5859613,2026-05-17 05:04:50
SUB_C8B9876E,2026-05-16 11:00:00,2026-05-16 10:00:00,0,19633407,1688730,2026-05-17 05:04:50
SUB_EA4EEEC9,2026-05-16 11:00:00,2026-05-16 10:00:00,0,18430962,1280526,2026-05-17 05:04:50
SUB_A66E97D0,2026-05-16 11:00:00,2026-05-16 10:00:00,0,51022251,4564038,2026-05-17 05:04:50
SUB_A705DA50,2026-05-16 11:00:00,2026-05-16 10:00:00,0,15487961,4250817,2026-05-17 05:04:50
SUB_0B106820,2026-05-16 11:00:00,2026-05-16 10:00:00,0,8623297,2155400,2026-05-17 05:04:50
SUB_18E3D83F,2026-05-16 11:00:00,2026-05-16 10:00:00,0,118838648,7658923,2026-05-17 05:04:50
SUB_D371B610,2026-05-16 11:00:00,2026-05-16 10:00:00,0,114642154,4699559,2026-05-17 05:04:50
SUB_7EE1564A,2026-05-16 11:00:00,2026-05-16 10:00:00,0,67985045,7975108,2026-05-17 05:04:50
SUB_59D28812,2026-05-16 11:00:00,2026-05-16 10:00:00,0,33680406,7780348,2026-05-17 05:04:50
SUB_93D1830D,2026-05-16 11:00:00,2026-05-16 10:00:00,0,10667751,1032834,2026-05-17 05:04:50
SUB_8B8569E7,2026-05-16 11:00:00,2026-05-16 10:00:00,0,3557726,5187,2026-05-17 05:04:50
SUB_85C60AC2,2026-05-16 11:00:00,2026-05-16 10:00:00,0,112802581,4071572,2026-05-17 05:04:50
SUB_33247F42,2026-05-16 11:00:00,2026-05-16 10:00:00,0,20547737,7735412,2026-05-17 05:04:50
SUB_C3907BB8,2026-05-16 11:00:00,2026-05-16 10:00:00,0,68394208,1396236,2026-05-17 05:04:50
SUB_CB21B79F,2026-05-16 11:00:00,2026-05-16 10:00:00,0,4441302,3533376,2026-05-17 05:04:50
SUB_6E9DA642,2026-05-16 11:00:00,2026-05-16 10:00:00,0,115590754,12473,2026-05-17 05:04:50
SUB_D9E3C325,2026-05-16 11:00:00,2026-05-16 10:00:00,0,109132290,3836930,2026-05-17 05:04:50
SUB_0D4D5F75,2026-05-16 11:00:00,2026-05-16 10:00:00,0,2289002,7581733,2026-05-17 05:04:50
SUB_A9B17813,2026-05-16 11:00:00,2026-05-16 10:00:00,0,6154568,3011649,2026-05-17 05:04:50
SUB_D685DF21,2026-05-16 11:00:00,2026-05-16 10:00:00,0,74127308,1951242,2026-05-17 05:04:50
SUB_0318703B,2026-05-16 11:00:00,2026-05-16 10:00:00,0,30296092,1269545,2026-05-17 05:04:50
SUB_A479C8B2,2026-05-16 11:00:00,2026-05-16 10:00:00,0,15127530,8471844,2026-05-17 05:04:50
SUB_9B1DE995,2026-05-16 11:00:00,2026-05-16 10:00:00,0,13323739,9757360,2026-05-17 05:04:50
SUB_94C06C3F,2026-05-16 11:00:00,2026-05-16 10:00:00,0,44280527,9061014,2026-05-17 05:04:50
SUB_A0425A9C,2026-05-16 11:00:00,2026-05-16 10:00:00,0,38302183,2154951,2026-05-17 05:04:50
SUB_EBC4B88B,2026-05-16 11:00:00,2026-05-16 10:00:00,0,13279982,6545908,2026-05-17 05:04:50
SUB_0B36B93D,2026-05-16 11:00:00,2026-05-16 10:00:00,0,53952195,4081566,2026-05-17 05:04:50
SUB_708A83E6,2026-05-16 11:00:00,2026-05-16 10:00:00,0,29243876,7008017,2026-05-17 05:04:50
SUB_45B19F7C,2026-05-16 11:00:00,2026-05-16 10:00:00,0,77962536,2494381,2026-05-17 05:04:50
SUB_A4D45831,2026-05-16 11:00:00,2026-05-16 10:00:00,0,9321999,9918077,2026-05-17 05:04:50
SUB_768345F6,2026-05-16 11:00:00,2026-05-16 10:00:00,0,63012970,8050061,2026-05-17 05:04:50
SUB_11633489,2026-05-16 11:00:00,2026-05-16 10:00:00,0,18437779,5895680,2026-05-17 05:04:50
SUB_6A725A99,2026-05-16 11:00:00,2026-05-16 10:00:00,0,8888288,1182366,2026-05-17 05:04:50
SUB_EE657F79,2026-05-16 11:00:00,2026-05-16 10:00:00,0,11987997,9473197,2026-05-17 05:04:50
SUB_7C95A3EF,2026-05-16 11:00:00,2026-05-16 10:00:00,0,108938552,5698642,2026-05-17 05:04:50
SUB_FAEEB366,2026-05-16 11:00:00,2026-05-16 10:00:00,0,8922481,4378415,2026-05-17 05:04:50
SUB_978AE731,2026-05-16 11:00:00,2026-05-16 10:00:00,0,100116868,7676278,2026-05-17 05:04:50
SUB_0B4ECA8C,2026-05-16 11:00:00,2026-05-16 10:00:00,0,118148310,3002013,2026-05-17 05:04:50
SUB_A0F5737D,2026-05-16 11:00:00,2026-05-16 10:00:00,0,117350147,951990,2026-05-17 05:04:50
SUB_22F34614,2026-05-16 11:00:00,2026-05-16 10:00:00,0,66350025,4566572,2026-05-17 05:04:50
SUB_1B94E91F,2026-05-16 11:00:00,2026-05-16 10:00:00,0,81520330,5455968,2026-05-17 05:04:50
SUB_7B1CF221,2026-05-16 11:00:00,2026-05-16 10:00:00,0,71487674,2148586,2026-05-17 05:04:50
SUB_8148B20D,2026-05-16 11:00:00,2026-05-16 10:00:00,0,59860540,4564521,2026-05-17 05:04:50
SUB_928C9A65,2026-05-16 11:00:00,2026-05-16 10:00:00,0,119204252,6625295,2026-05-17 05:04:50
SUB_B724EBF1,2026-05-16 11:00:00,2026-05-16 10:00:00,0,51260420,8398352,2026-05-17 05:04:50
SUB_676ECC3E,2026-05-16 11:00:00,2026-05-16 10:00:00,0,100762939,668257,2026-05-17 05:04:50
SUB_BFB31411,2026-05-16 11:00:00,2026-05-16 10:00:00,0,107735574,3203972,2026-05-17 05:04:50
SUB_1BCB9EA9,2026-05-16 11:00:00,2026-05-16 10:00:00,0,108304491,651616,2026-05-17 05:04:50
SUB_970F36C0,2026-05-16 11:00:00,2026-05-16 10:00:00,0,25461628,5797455,2026-05-17 05:04:50
SUB_EC2AC8D4,2026-05-16 11:00:00,2026-05-16 10:00:00,0,82521367,8272337,2026-05-17 05:04:50
SUB_D0364B96,2026-05-16 11:00:00,2026-05-16 10:00:00,0,63704393,6248713,2026-05-17 05:04:50
SUB_CD51916E,2026-05-16 11:00:00,2026-05-16 10:00:00,0,106802884,9923357,2026-05-17 05:04:50
SUB_7AB7F6B8,2026-05-16 11:00:00,2026-05-16 10:00:00,0,114588032,8347076,2026-05-17 05:04:50
SUB_D93B429B,2026-05-16 11:00:00,2026-05-16 10:00:00,0,30443472,7918749,2026-05-17 05:04:50
SUB_7D3FAEBC,2026-05-16 11:00:00,2026-05-16 10:00:00,0,74364059,8556421,2026-05-17 05:04:50
SUB_B2B80B2F,2026-05-16 11:00:00,2026-05-16 10:00:00,0,21343947,633284,2026-05-17 05:04:50
SUB_EB3FA854,2026-05-16 11:00:00,2026-05-16 10:00:00,0,61752393,9821442,2026-05-17 05:04:50
SUB_48D8DB1F,2026-05-16 11:00:00,2026-05-16 10:00:00,0,107476707,7746238,2026-05-17 05:04:50
SUB_C85A0DA6,2026-05-16 11:00:00,2026-05-16 10:00:00,0,21417119,660616,2026-05-17 05:04:50
SUB_3E6E7A36,2026-05-16 11:00:00,2026-05-16 10:00:00,0,47635823,5389417,2026-05-17 05:04:50
SUB_AA7E3F5B,2026-05-16 11:00:00,2026-05-16 10:00:00,0,35876743,8608009,2026-05-17 05:04:50
SUB_E40AFA07,2026-05-16 11:00:00,2026-05-16 10:00:00,0,115577492,9178822,2026-05-17 05:04:50
SUB_1BF0DC68,2026-05-16 11:00:00,2026-05-16 10:00:00,0,152961,6994200,2026-05-17 05:04:50
SUB_46F1715D,2026-05-16 11:00:00,2026-05-16 10:00:00,0,35050659,7179957,2026-05-17 05:04:50
SUB_C9952879,2026-05-16 11:00:00,2026-05-16 10:00:00,0,75875776,5057623,2026-05-17 05:04:50
SUB_55910712,2026-05-16 11:00:00,2026-05-16 10:00:00,0,49219099,6195692,2026-05-17 05:04:50
SUB_E4B8EB42,2026-05-16 11:00:00,2026-05-16 10:00:00,0,105686916,1836377,2026-05-17 05:04:50
SUB_A91D04D8,2026-05-16 11:00:00,2026-05-16 10:00:00,0,96248164,4247769,2026-05-17 05:04:50
SUB_966FDFEB,2026-05-16 11:00:00,2026-05-16 10:00:00,0,28609534,7630898,2026-05-17 05:04:50
SUB_83FB607C,2026-05-16 11:00:00,2026-05-16 10:00:00,0,35376400,6191107,2026-05-17 05:04:50
SUB_15A158FB,2026-05-16 11:00:00,2026-05-16 10:00:00,0,11293165,1287663,2026-05-17 05:04:50
SUB_4A33FDA0,2026-05-16 11:00:00,2026-05-16 10:00:00,0,27486045,8198088,2026-05-17 05:04:50
SUB_F3D7C45A,2026-05-16 11:00:00,2026-05-16 10:00:00,0,1501322,6072114,2026-05-17 05:04:50
SUB_BF2D9A9D,2026-05-16 11:00:00,2026-05-16 10:00:00,0,46361737,2519138,2026-05-17 05:04:50
SUB_EC61718D,2026-05-16 11:00:00,2026-05-16 10:00:00,0,97987856,5847527,2026-05-17 05:04:50
SUB_0163D980,2026-05-16 11:00:00,2026-05-16 10:00:00,0,101749647,1575233,2026-05-17 05:04:50
SUB_07E3AD77,2026-05-16 11:00:00,2026-05-16 10:00:00,0,105742887,8129810,2026-05-17 05:04:50
SUB_FE0C5330,2026-05-16 11:00:00,2026-05-16 10:00:00,0,42107448,8537054,2026-05-17 05:04:50
SUB_84D3E6C9,2026-05-16 11:00:00,2026-05-16 10:00:00,0,53967946,9529756,2026-05-17 05:04:50
SUB_E9E948E4,2026-05-16 11:00:00,2026-05-16 10:00:00,0,118632524,7339362,2026-05-17 05:04:50
SUB_28593CAC,2026-05-16 11:00:00,2026-05-16 10:00:00,0,112246087,403992,2026-05-17 05:04:50
SUB_F2A66016,2026-05-16 11:00:00,2026-05-16 10:00:00,0,56253771,6111699,2026-05-17 05:04:50
SUB_076C82ED,2026-05-16 11:00:00,2026-05-16 10:00:00,0,48309911,3915068,2026-05-17 05:04:50
SUB_C42B283A,2026-05-16 11:00:00,2026-05-16 10:00:00,0,90200799,8781474,2026-05-17 05:04:50
SUB_F63EECE3,2026-05-16 11:00:00,2026-05-16 10:00:00,0,91373100,9459012,2026-05-17 05:04:50
SUB_73095AFB,2026-05-16 11:00:00,2026-05-16 10:00:00,0,97107247,5885956,2026-05-17 05:04:50
SUB_EF3308F9,2026-05-16 11:00:00,2026-05-16 10:00:00,0,94059973,2706967,2026-05-17 05:04:50
SUB_4F593D5B,2026-05-16 11:00:00,2026-05-16 10:00:00,0,48955994,4646796,2026-05-17 05:04:50
SUB_43765D82,2026-05-16 11:00:00,2026-05-16 10:00:00,0,55291215,9808211,2026-05-17 05:04:50
SUB_629539A7,2026-05-16 11:00:00,2026-05-16 10:00:00,0,1994493,832631,2026-05-17 05:04:50
SUB_908310A7,2026-05-16 11:00:00,2026-05-16 10:00:00,0,100357333,7512461,2026-05-17 05:04:50
SUB_718397CA,2026-05-16 11:00:00,2026-05-16 10:00:00,0,58509774,6599957,2026-05-17 05:04:50
SUB_2753351C,2026-05-16 11:00:00,2026-05-16 10:00:00,0,68307599,7985258,2026-05-17 05:04:50
SUB_40DDBB42,2026-05-16 11:00:00,2026-05-16 10:00:00,0,109510366,4336126,2026-05-17 05:04:50
SUB_E00052EA,2026-05-16 11:00:00,2026-05-16 10:00:00,0,116191528,9693037,2026-05-17 05:04:50
SUB_CEF0026C,2026-05-16 11:00:00,2026-05-16 10:00:00,0,19241641,7244815,2026-05-17 05:04:50
SUB_94513C43,2026-05-16 11:00:00,2026-05-16 10:00:00,0,17757055,525759,2026-05-17 05:04:50
SUB_D063A3D2,2026-05-16 11:00:00,2026-05-16 10:00:00,0,119784732,3053816,2026-05-17 05:04:50
SUB_4125B7C5,2026-05-16 11:00:00,2026-05-16 10:00:00,0,44714763,7151164,2026-05-17 05:04:50
SUB_699E4A55,2026-05-16 11:00:00,2026-05-16 10:00:00,0,38702240,6919888,2026-05-17 05:04:50
SUB_9F91903A,2026-05-16 11:00:00,2026-05-16 10:00:00,0,11641861,8625492,2026-05-17 05:04:50
SUB_53694A69,2026-05-16 11:00:00,2026-05-16 10:00:00,0,111078315,6555177,2026-05-17 05:04:50
SUB_36EF0567,2026-05-16 11:00:00,2026-05-16 10:00:00,0,39736187,4028275,2026-05-17 05:04:50
SUB_F22EA899,2026-05-16 11:00:00,2026-05-16 10:00:00,0,3611399,4976477,2026-05-17 05:04:50
SUB_E5A3FB17,2026-05-16 11:00:00,2026-05-16 10:00:00,0,89156748,3615990,2026-05-17 05:04:50
SUB_88607CB1,2026-05-16 11:00:00,2026-05-16 10:00:00,0,47542999,9621572,2026-05-17 05:04:50
SUB_5EF4C346,2026-05-16 11:00:00,2026-05-16 10:00:00,0,76590706,7143544,2026-05-17 05:04:50
SUB_98F2286C,2026-05-16 11:00:00,2026-05-16 10:00:00,0,86115080,4817635,2026-05-17 05:04:50
SUB_0AA739FB,2026-05-16 11:00:00,2026-05-16 10:00:00,0,77982212,3204614,2026-05-17 05:04:50
SUB_2C521B46,2026-05-16 11:00:00,2026-05-16 10:00:00,0,43368221,6531918,2026-05-17 05:04:50
SUB_79D675FB,2026-05-16 11:00:00,2026-05-16 10:00:00,0,89007260,9610514,2026-05-17 05:04:50
SUB_23E75D42,2026-05-16 11:00:00,2026-05-16 10:00:00,0,62905535,3422047,2026-05-17 05:04:50
SUB_3550D6D1,2026-05-16 11:00:00,2026-05-16 10:00:00,0,111752566,8841699,2026-05-17 05:04:50
SUB_39C07447,2026-05-16 11:00:00,2026-05-16 10:00:00,0,282041,3476736,2026-05-17 05:04:50
SUB_C744240F,2026-05-16 11:00:00,2026-05-16 10:00:00,0,60999682,4193009,2026-05-17 05:04:50
SUB_82625C28,2026-05-16 11:00:00,2026-05-16 10:00:00,0,93284158,8493877,2026-05-17 05:04:50
SUB_A791FFC1,2026-05-16 11:00:00,2026-05-16 10:00:00,0,106368914,6582329,2026-05-17 05:04:50
SUB_D4BC075D,2026-05-16 11:00:00,2026-05-16 10:00:00,0,74296194,4315190,2026-05-17 05:04:50
SUB_887CF758,2026-05-16 11:00:00,2026-05-16 10:00:00,0,16128357,8231076,2026-05-17 05:04:50
SUB_757C71F0,2026-05-16 11:00:00,2026-05-16 10:00:00,0,64390478,6164488,2026-05-17 05:04:50
SUB_74A5FF79,2026-05-16 11:00:00,2026-05-16 10:00:00,0,27689560,8661446,2026-05-17 05:04:50
SUB_E7D0F523,2026-05-16 11:00:00,2026-05-16 10:00:00,0,47087329,859823,2026-05-17 05:04:50
SUB_87980A1C,2026-05-16 11:00:00,2026-05-16 10:00:00,0,77721132,5324307,2026-05-17 05:04:50
SUB_D4556F07,2026-05-16 11:00:00,2026-05-16 10:00:00,0,60982541,7531567,2026-05-17 05:04:50
SUB_5FA52D1A,2026-05-16 11:00:00,2026-05-16 10:00:00,0,38119687,5006482,2026-05-17 05:04:50
SUB_8DF944C3,2026-05-16 11:00:00,2026-05-16 10:00:00,0,7989565,9475355,2026-05-17 05:04:50
SUB_3A2C511E,2026-05-16 11:00:00,2026-05-16 10:00:00,0,87694708,3024802,2026-05-17 05:04:50
SUB_DB4B12DF,2026-05-16 11:00:00,2026-05-16 10:00:00,0,570483,2436559,2026-05-17 05:04:50
SUB_37B680CC,2026-05-16 11:00:00,2026-05-16 10:00:00,0,6496340,6481837,2026-05-17 05:04:50
SUB_9B7139B0,2026-05-16 11:00:00,2026-05-16 10:00:00,0,85619229,1157041,2026-05-17 05:04:50
SUB_D46D19C1,2026-05-16 11:00:00,2026-05-16 10:00:00,0,64102543,3091645,2026-05-17 05:04:50
SUB_705A5661,2026-05-16 11:00:00,2026-05-16 10:00:00,0,15396508,5996953,2026-05-17 05:04:50
SUB_75194FF8,2026-05-16 11:00:00,2026-05-16 10:00:00,0,34171282,6196685,2026-05-17 05:04:50
SUB_F58A6CFE,2026-05-16 11:00:00,2026-05-16 10:00:00,0,22966913,9786341,2026-05-17 05:04:50
SUB_713B7FA6,2026-05-16 11:00:00,2026-05-16 10:00:00,0,28087624,8300191,2026-05-17 05:04:50
SUB_4D5B9FE0,2026-05-16 11:00:00,2026-05-16 10:00:00,0,41767030,1680008,2026-05-17 05:04:50
SUB_B485B7DF,2026-05-16 11:00:00,2026-05-16 10:00:00,0,23111365,3204911,2026-05-17 05:04:50
SUB_159A7574,2026-05-16 11:00:00,2026-05-16 10:00:00,0,78352390,8902639,2026-05-17 05:04:50
SUB_3A16BB29,2026-05-16 11:00:00,2026-05-16 10:00:00,0,50133357,8606304,2026-05-17 05:04:50
SUB_A1383BB7,2026-05-16 11:00:00,2026-05-16 10:00:00,0,100689172,8711617,2026-05-17 05:04:50
SUB_2938899B,2026-05-16 11:00:00,2026-05-16 10:00:00,0,102975745,1535255,2026-05-17 05:04:50
SUB_2922DC01,2026-05-16 11:00:00,2026-05-16 10:00:00,0,66718551,1721644,2026-05-17 05:04:50
SUB_8C94B9F0,2026-05-16 11:00:00,2026-05-16 10:00:00,0,47154322,7365730,2026-05-17 05:04:50
SUB_032644D1,2026-05-16 11:00:00,2026-05-16 10:00:00,0,1034762,2860473,2026-05-17 05:04:50
SUB_BFDA4182,2026-05-16 11:00:00,2026-05-16 10:00:00,0,106559219,6209235,2026-05-17 05:04:50
SUB_47CF69AC,2026-05-16 11:00:00,2026-05-16 10:00:00,0,18657210,4186560,2026-05-17 05:04:50
SUB_EA7FC095,2026-05-16 11:00:00,2026-05-16 10:00:00,0,81003193,5875451,2026-05-17 05:04:50
SUB_982CCDF9,2026-05-16 11:00:00,2026-05-16 10:00:00,0,16588953,2897818,2026-05-17 05:04:50
SUB_8B02E285,2026-05-16 11:00:00,2026-05-16 10:00:00,0,17609930,9026570,2026-05-17 05:04:50
SUB_725072D5,2026-05-16 11:00:00,2026-05-16 10:00:00,0,19731589,8221612,2026-05-17 05:04:50
SUB_DBCD12C2,2026-05-16 11:00:00,2026-05-16 10:00:00,0,102027872,4727839,2026-05-17 05:04:50
SUB_6B29E9E1,2026-05-16 11:00:00,2026-05-16 10:00:00,0,45260475,6516694,2026-05-17 05:04:50
SUB_F75AF97F,2026-05-16 11:00:00,2026-05-16 10:00:00,0,24846429,2443004,2026-05-17 05:04:50
SUB_AEB8067D,2026-05-16 11:00:00,2026-05-16 10:00:00,0,57568777,5420790,2026-05-17 05:04:50
SUB_727117A2,2026-05-16 11:00:00,2026-05-16 10:00:00,0,13118328,8212307,2026-05-17 05:04:50
SUB_E444F619,2026-05-16 11:00:00,2026-05-16 10:00:00,0,66579366,9877387,2026-05-17 05:04:50
SUB_72511D01,2026-05-16 11:00:00,2026-05-16 10:00:00,0,21543151,1485940,2026-05-17 05:04:50
SUB_50BD6177,2026-05-16 11:00:00,2026-05-16 10:00:00,0,13287495,5407909,2026-05-17 05:04:50
SUB_015BCDE5,2026-05-16 11:00:00,2026-05-16 10:00:00,0,39044500,5664206,2026-05-17 05:04:50
SUB_53D6BFD2,2026-05-16 11:00:00,2026-05-16 10:00:00,0,6067110,9883827,2026-05-17 05:04:50
SUB_EFD2FC94,2026-05-16 11:00:00,2026-05-16 10:00:00,0,106905347,7459161,2026-05-17 05:04:50
SUB_EEE7C203,2026-05-16 11:00:00,2026-05-16 10:00:00,0,56070255,8523823,2026-05-17 05:04:50
SUB_3ED7DA8E,2026-05-16 11:00:00,2026-05-16 10:00:00,0,10098419,5392399,2026-05-17 05:04:50
SUB_011EFE6C,2026-05-16 11:00:00,2026-05-16 10:00:00,0,58875496,1236522,2026-05-17 05:04:50
SUB_2DF0DC70,2026-05-16 11:00:00,2026-05-16 10:00:00,0,10182888,3183263,2026-05-17 05:04:50
SUB_D31D3140,2026-05-16 11:00:00,2026-05-16 10:00:00,0,1116127,8052920,2026-05-17 05:04:50
SUB_181C01B5,2026-05-16 11:00:00,2026-05-16 10:00:00,0,32255393,3427136,2026-05-17 05:04:50
SUB_57B4076C,2026-05-16 11:00:00,2026-05-16 10:00:00,0,105483191,9986095,2026-05-17 05:04:50
SUB_22720376,2026-05-16 11:00:00,2026-05-16 10:00:00,0,83172985,9213225,2026-05-17 05:04:50
SUB_6FE9302A,2026-05-16 11:00:00,2026-05-16 10:00:00,0,114961646,6678491,2026-05-17 05:04:50
SUB_1F364255,2026-05-16 11:00:00,2026-05-16 10:00:00,0,62643866,9687523,2026-05-17 05:04:50
SUB_195F7A95,2026-05-16 11:00:00,2026-05-16 10:00:00,0,87023372,5261841,2026-05-17 05:04:50
SUB_75636836,2026-05-16 11:00:00,2026-05-16 10:00:00,0,106034096,7078438,2026-05-17 05:04:50
SUB_A0974FEB,2026-05-16 11:00:00,2026-05-16 10:00:00,0,105001241,237676,2026-05-17 05:04:50
SUB_CEBEB4BA,2026-05-16 11:00:00,2026-05-16 10:00:00,0,61757947,675184,2026-05-17 05:04:50
SUB_B7861D8D,2026-05-16 11:00:00,2026-05-16 10:00:00,0,60856442,9384464,2026-05-17 05:04:50
SUB_7DFDC0CD,2026-05-16 11:00:00,2026-05-16 10:00:00,0,103869376,3441410,2026-05-17 05:04:50
SUB_BFA4C671,2026-05-16 11:00:00,2026-05-16 10:00:00,0,36221018,1795681,2026-05-17 05:04:50
SUB_49548A38,2026-05-16 11:00:00,2026-05-16 10:00:00,0,118152209,8923414,2026-05-17 05:04:50
SUB_9447BBD1,2026-05-16 11:00:00,2026-05-16 10:00:00,0,116442657,1557256,2026-05-17 05:04:50
SUB_17E9AAE4,2026-05-16 11:00:00,2026-05-16 10:00:00,0,18349490,5978830,2026-05-17 05:04:50
SUB_F931202E,2026-05-16 11:00:00,2026-05-16 10:00:00,0,88995047,7196802,2026-05-17 05:04:50
SUB_F7E32FE0,2026-05-16 11:00:00,2026-05-16 10:00:00,0,59463309,1274957,2026-05-17 05:04:50
SUB_A6E4F3A2,2026-05-16 11:00:00,2026-05-16 10:00:00,0,81992586,2099685,2026-05-17 05:04:50
SUB_01AAB4FE,2026-05-16 11:00:00,2026-05-16 10:00:00,0,53916080,3607586,2026-05-17 05:04:50
SUB_3931EB1E,2026-05-16 11:00:00,2026-05-16 10:00:00,0,76146659,3929181,2026-05-17 05:04:50
SUB_2E74B3AA,2026-05-16 11:00:00,2026-05-16 10:00:00,0,58863999,3573696,2026-05-17 05:04:50
SUB_F0CACB94,2026-05-16 11:00:00,2026-05-16 10:00:00,0,116513662,4862806,2026-05-17 05:04:50
SUB_066D0A58,2026-05-16 11:00:00,2026-05-16 10:00:00,0,12231789,1719603,2026-05-17 05:04:50
SUB_B286B60E,2026-05-16 11:00:00,2026-05-16 10:00:00,0,88008367,9500610,2026-05-17 05:04:50
SUB_A9735C57,2026-05-16 11:00:00,2026-05-16 10:00:00,0,46109233,1052442,2026-05-17 05:04:50
SUB_0E2E64BE,2026-05-16 11:00:00,2026-05-16 10:00:00,0,573943,6667142,2026-05-17 05:04:50
SUB_F91E6D1E,2026-05-16 11:00:00,2026-05-16 10:00:00,0,115173143,2151782,2026-05-17 05:04:50
SUB_4021A19E,2026-05-16 11:00:00,2026-05-16 10:00:00,0,32984206,1074029,2026-05-17 05:04:50
SUB_C424E7AF,2026-05-16 11:00:00,2026-05-16 10:00:00,0,94511842,2122771,2026-05-17 05:04:50
SUB_455E1AF6,2026-05-16 11:00:00,2026-05-16 10:00:00,0,57368812,7928389,2026-05-17 05:04:50
SUB_472FF57E,2026-05-16 11:00:00,2026-05-16 10:00:00,0,100706170,508334,2026-05-17 05:04:50
SUB_75C4C8A5,2026-05-16 11:00:00,2026-05-16 10:00:00,0,16422869,3679043,2026-05-17 05:04:50
SUB_ED025E68,2026-05-16 11:00:00,2026-05-16 10:00:00,0,98793995,7231138,2026-05-17 05:04:50
SUB_71534ACA,2026-05-16 11:00:00,2026-05-16 10:00:00,0,55804370,989924,2026-05-17 05:04:50
SUB_3FD7DD3A,2026-05-16 11:00:00,2026-05-16 10:00:00,0,65783002,9702357,2026-05-17 05:04:50
SUB_52192745,2026-05-16 11:00:00,2026-05-16 10:00:00,0,14905607,6689476,2026-05-17 05:04:50
SUB_993B3463,2026-05-16 11:00:00,2026-05-16 10:00:00,0,84753006,3210856,2026-05-17 05:04:50
SUB_D55D8A2F,2026-05-16 11:00:00,2026-05-16 10:00:00,0,41580706,7804970,2026-05-17 05:04:50
SUB_928ACE61,2026-05-16 11:00:00,2026-05-16 10:00:00,0,10657220,4617271,2026-05-17 05:04:50
SUB_8561BF0A,2026-05-16 11:00:00,2026-05-16 10:00:00,0,7868324,2140922,2026-05-17 05:04:50
SUB_065D310E,2026-05-16 11:00:00,2026-05-16 10:00:00,0,94819690,1046508,2026-05-17 05:04:50
SUB_8C021D71,2026-05-16 11:00:00,2026-05-16 10:00:00,0,89999274,4234953,2026-05-17 05:04:50
SUB_4C7E05E9,2026-05-16 11:00:00,2026-05-16 10:00:00,0,43848588,3985066,2026-05-17 05:04:50
SUB_7CFA3E6C,2026-05-16 11:00:00,2026-05-16 10:00:00,0,25245415,2451674,2026-05-17 05:04:50
SUB_C9FC5585,2026-05-16 11:00:00,2026-05-16 10:00:00,0,87890958,1379975,2026-05-17 05:04:50
SUB_AB78EE11,2026-05-16 11:00:00,2026-05-16 10:00:00,0,110444299,2466803,2026-05-17 05:04:50
SUB_D25941BA,2026-05-16 11:00:00,2026-05-16 10:00:00,0,60577453,9782044,2026-05-17 05:04:50
SUB_0289DE2B,2026-05-16 11:00:00,2026-05-16 10:00:00,0,28522815,6522576,2026-05-17 05:04:50
SUB_814B362B,2026-05-16 11:00:00,2026-05-16 10:00:00,0,21886458,3307160,2026-05-17 05:04:50
SUB_1E549CAE,2026-05-16 11:00:00,2026-05-16 10:00:00,0,33377212,3972333,2026-05-17 05:04:50
SUB_87F0B2CE,2026-05-16 11:00:00,2026-05-16 10:00:00,0,29627888,9486454,2026-05-17 05:04:50
SUB_9F32375D,2026-05-16 11:00:00,2026-05-16 10:00:00,0,71427564,1189103,2026-05-17 05:04:50
SUB_3B8E57FA,2026-05-16 11:00:00,2026-05-16 10:00:00,0,39974633,4598320,2026-05-17 05:04:50
SUB_85CB322F,2026-05-16 11:00:00,2026-05-16 10:00:00,0,93956300,2143264,2026-05-17 05:04:50
SUB_8F283353,2026-05-16 11:00:00,2026-05-16 10:00:00,0,86995307,5445484,2026-05-17 05:04:50
SUB_2BD9BF35,2026-05-16 11:00:00,2026-05-16 10:00:00,0,77508256,6187147,2026-05-17 05:04:50
SUB_AC17ED3E,2026-05-16 11:00:00,2026-05-16 10:00:00,0,85158283,2684132,2026-05-17 05:04:50
SUB_D854D20F,2026-05-16 11:00:00,2026-05-16 10:00:00,0,394475,1987482,2026-05-17 05:04:50
SUB_5DCBE545,2026-05-16 11:00:00,2026-05-16 10:00:00,0,32786097,8805862,2026-05-17 05:04:50
SUB_16D92688,2026-05-16 11:00:00,2026-05-16 10:00:00,0,96997007,3029004,2026-05-17 05:04:50
SUB_BAF4A6CE,2026-05-16 11:00:00,2026-05-16 10:00:00,0,32982631,8191998,2026-05-17 05:04:50
SUB_0202B23A,2026-05-16 11:00:00,2026-05-16 10:00:00,0,62044753,5812111,2026-05-17 05:04:50
SUB_9755337D,2026-05-16 11:00:00,2026-05-16 10:00:00,0,107604961,3790469,2026-05-17 05:04:50
SUB_1D1D5EEB,2026-05-16 11:00:00,2026-05-16 10:00:00,0,53985866,2608180,2026-05-17 05:04:50
SUB_27E67F65,2026-05-16 11:00:00,2026-05-16 10:00:00,0,57062865,1932083,2026-05-17 05:04:50
SUB_0490F393,2026-05-16 11:00:00,2026-05-16 10:00:00,0,103532433,323188,2026-05-17 05:04:50
SUB_7FD29524,2026-05-16 11:00:00,2026-05-16 10:00:00,0,67380919,5612230,2026-05-17 05:04:50
SUB_C5847580,2026-05-16 11:00:00,2026-05-16 10:00:00,0,40665981,2188566,2026-05-17 05:04:50
SUB_90B3503F,2026-05-16 11:00:00,2026-05-16 10:00:00,0,66742997,4439428,2026-05-17 05:04:50
SUB_B84D1F42,2026-05-16 11:00:00,2026-05-16 10:00:00,0,28968440,4861920,2026-05-17 05:04:50
SUB_ED70CB7E,2026-05-16 11:00:00,2026-05-16 10:00:00,0,108306963,10674,2026-05-17 05:04:50
SUB_D4061611,2026-05-16 11:00:00,2026-05-16 10:00:00,0,30515346,3914919,2026-05-17 05:04:50
SUB_E2575F93,2026-05-16 11:00:00,2026-05-16 10:00:00,0,47196969,1828087,2026-05-17 05:04:50
SUB_6F6A5C0A,2026-05-16 11:00:00,2026-05-16 10:00:00,0,53792232,2811042,2026-05-17 05:04:50
SUB_822367B2,2026-05-16 11:00:00,2026-05-16 10:00:00,0,79255352,4217660,2026-05-17 05:04:50
SUB_26FDED0B,2026-05-16 11:00:00,2026-05-16 10:00:00,0,50435080,391695,2026-05-17 05:04:50
SUB_6B0C334C,2026-05-16 11:00:00,2026-05-16 10:00:00,0,103855458,8013894,2026-05-17 05:04:50
SUB_9C8E1F2B,2026-05-16 11:00:00,2026-05-16 10:00:00,0,374327,9456936,2026-05-17 05:04:50
SUB_7834CF45,2026-05-16 11:00:00,2026-05-16 10:00:00,0,80996872,197664,2026-05-17 05:04:50
SUB_4458845D,2026-05-16 11:00:00,2026-05-16 10:00:00,0,31560964,5100298,2026-05-17 05:04:50
SUB_8DB7612D,2026-05-16 11:00:00,2026-05-16 10:00:00,0,73661570,3222156,2026-05-17 05:04:50
SUB_5D1A049E,2026-05-16 11:00:00,2026-05-16 10:00:00,0,80595178,348383,2026-05-17 05:04:50
SUB_6AC2DB76,2026-05-16 11:00:00,2026-05-16 10:00:00,0,22225595,8945114,2026-05-17 05:04:50
SUB_3C8857FC,2026-05-16 11:00:00,2026-05-16 10:00:00,0,86118109,7523289,2026-05-17 05:04:50
SUB_FE1F5581,2026-05-16 11:00:00,2026-05-16 10:00:00,0,92236467,9238744,2026-05-17 05:04:50
SUB_94C40EDF,2026-05-16 11:00:00,2026-05-16 10:00:00,0,56435748,5981432,2026-05-17 05:04:50
SUB_17E3E2A3,2026-05-16 11:00:00,2026-05-16 10:00:00,0,88308809,2145389,2026-05-17 05:04:50
SUB_4DCFAC72,2026-05-16 11:00:00,2026-05-16 10:00:00,0,89241356,4898242,2026-05-17 05:04:50
SUB_F5D5339E,2026-05-16 11:00:00,2026-05-16 10:00:00,0,54616865,991569,2026-05-17 05:04:50
SUB_6AFF5827,2026-05-16 11:00:00,2026-05-16 10:00:00,0,47829308,2893201,2026-05-17 05:04:50
SUB_8BA13E23,2026-05-16 11:00:00,2026-05-16 10:00:00,0,40098934,7509574,2026-05-17 05:04:50
SUB_B7BF2284,2026-05-16 11:00:00,2026-05-16 10:00:00,0,90421780,9157448,2026-05-17 05:04:50
SUB_5C9FC051,2026-05-16 11:00:00,2026-05-16 10:00:00,0,117816804,1153447,2026-05-17 05:04:50
SUB_E4544F1D,2026-05-16 11:00:00,2026-05-16 10:00:00,0,70891421,265777,2026-05-17 05:04:50
SUB_F6937B8E,2026-05-16 11:00:00,2026-05-16 10:00:00,0,92683496,3835431,2026-05-17 05:04:50
SUB_05D0755B,2026-05-16 11:00:00,2026-05-16 10:00:00,0,46983483,3625360,2026-05-17 05:04:50
SUB_90A09A70,2026-05-16 11:00:00,2026-05-16 10:00:00,0,49563041,400950,2026-05-17 05:04:50
SUB_FB94BE4E,2026-05-16 11:00:00,2026-05-16 10:00:00,0,101338242,2442050,2026-05-17 05:04:50
SUB_B8EC8ADA,2026-05-16 11:00:00,2026-05-16 10:00:00,0,37979594,6574382,2026-05-17 05:04:50
SUB_1600888D,2026-05-16 11:00:00,2026-05-16 10:00:00,0,60438432,6139191,2026-05-17 05:04:50
SUB_5D3BB025,2026-05-16 11:00:00,2026-05-16 10:00:00,0,49099751,9935429,2026-05-17 05:04:50
SUB_A9DF2869,2026-05-16 11:00:00,2026-05-16 10:00:00,0,19512496,9296666,2026-05-17 05:04:50
SUB_21428928,2026-05-16 11:00:00,2026-05-16 10:00:00,0,56009857,1978098,2026-05-17 05:04:50
SUB_C52F4F46,2026-05-16 11:00:00,2026-05-16 10:00:00,0,21904417,1620939,2026-05-17 05:04:50
SUB_48AE392F,2026-05-16 11:00:00,2026-05-16 10:00:00,0,42584300,5434955,2026-05-17 05:04:50
SUB_4F04D04C,2026-05-16 11:00:00,2026-05-16 10:00:00,0,58766520,9920420,2026-05-17 05:04:50
SUB_DA789FB1,2026-05-16 11:00:00,2026-05-16 10:00:00,0,82700416,3160440,2026-05-17 05:04:50
SUB_B8FB5BEE,2026-05-16 11:00:00,2026-05-16 10:00:00,0,115120085,1998970,2026-05-17 05:04:50
SUB_7E25AD15,2026-05-16 11:00:00,2026-05-16 10:00:00,0,4918430,6861629,2026-05-17 05:04:50
SUB_20A8E05D,2026-05-16 11:00:00,2026-05-16 10:00:00,0,116377964,6634532,2026-05-17 05:04:50
SUB_252741A1,2026-05-16 11:00:00,2026-05-16 10:00:00,0,30385886,1073123,2026-05-17 05:04:50
SUB_1D1D5506,2026-05-16 11:00:00,2026-05-16 10:00:00,0,103593416,441751,2026-05-17 05:04:50
SUB_172F5C7B,2026-05-16 11:00:00,2026-05-16 10:00:00,0,6977727,8566133,2026-05-17 05:04:50
SUB_57BB50F0,2026-05-16 11:00:00,2026-05-16 10:00:00,0,59611089,456365,2026-05-17 05:04:50
SUB_D8A98869,2026-05-16 11:00:00,2026-05-16 10:00:00,0,70107302,8712386,2026-05-17 05:04:50
SUB_72374C34,2026-05-16 11:00:00,2026-05-16 10:00:00,0,882698,1343024,2026-05-17 05:04:50
SUB_C21209C3,2026-05-16 11:00:00,2026-05-16 10:00:00,0,49828127,5618189,2026-05-17 05:04:50
SUB_B8CB9796,2026-05-16 11:00:00,2026-05-16 10:00:00,0,29255491,6901267,2026-05-17 05:04:50
SUB_78B89FD7,2026-05-16 11:00:00,2026-05-16 10:00:00,0,27946109,641283,2026-05-17 05:04:50
SUB_D64E3854,2026-05-16 11:00:00,2026-05-16 10:00:00,0,101429408,8267898,2026-05-17 05:04:50
SUB_8BEBFAA0,2026-05-16 11:00:00,2026-05-16 10:00:00,0,92653726,4643678,2026-05-17 05:04:50
SUB_8030930A,2026-05-16 11:00:00,2026-05-16 10:00:00,0,30075961,1577556,2026-05-17 05:04:50
SUB_21D8F441,2026-05-16 11:00:00,2026-05-16 10:00:00,0,12364807,5857713,2026-05-17 05:04:50
SUB_62213F76,2026-05-16 11:00:00,2026-05-16 10:00:00,0,47295867,451147,2026-05-17 05:04:50
SUB_5C540A00,2026-05-16 11:00:00,2026-05-16 10:00:00,0,87142984,7452038,2026-05-17 05:04:50
SUB_C814CE06,2026-05-16 11:00:00,2026-05-16 10:00:00,0,6672872,2777531,2026-05-17 05:04:50
SUB_98963EA9,2026-05-16 11:00:00,2026-05-16 10:00:00,0,36252077,5251557,2026-05-17 05:04:50
SUB_0569F4D6,2026-05-16 11:00:00,2026-05-16 10:00:00,0,101932992,5774047,2026-05-17 05:04:50
SUB_2A604977,2026-05-16 11:00:00,2026-05-16 10:00:00,0,74419813,2168586,2026-05-17 05:04:50
SUB_0FA66BFB,2026-05-16 11:00:00,2026-05-16 10:00:00,0,46584046,8521453,2026-05-17 05:04:50
SUB_17112650,2026-05-16 11:00:00,2026-05-16 10:00:00,0,118023703,4636757,2026-05-17 05:04:50
SUB_8A900321,2026-05-16 11:00:00,2026-05-16 10:00:00,0,45619121,5310794,2026-05-17 05:04:50
SUB_33E6A87A,2026-05-16 11:00:00,2026-05-16 10:00:00,0,119709616,2083793,2026-05-17 05:04:50
SUB_31D3D7A4,2026-05-16 11:00:00,2026-05-16 10:00:00,0,60211840,6470717,2026-05-17 05:04:50
SUB_3F7269E1,2026-05-16 11:00:00,2026-05-16 10:00:00,0,111646502,863750,2026-05-17 05:04:50
SUB_E1B2A9D1,2026-05-16 11:00:00,2026-05-16 10:00:00,0,72433330,4986395,2026-05-17 05:04:50
SUB_DF68B60C,2026-05-16 11:00:00,2026-05-16 10:00:00,0,115177114,7630187,2026-05-17 05:04:50
SUB_A3174628,2026-05-16 11:00:00,2026-05-16 10:00:00,0,22296007,631171,2026-05-17 05:04:50
SUB_FD5BE90E,2026-05-16 11:00:00,2026-05-16 10:00:00,0,5848573,8321200,2026-05-17 05:04:50
SUB_1B3E4F79,2026-05-16 11:00:00,2026-05-16 10:00:00,0,49217886,9718038,2026-05-17 05:04:50
SUB_ADE50C95,2026-05-16 11:00:00,2026-05-16 10:00:00,0,64075429,9314887,2026-05-17 05:04:50
SUB_F5BE879E,2026-05-16 11:00:00,2026-05-16 10:00:00,0,19205855,8377168,2026-05-17 05:04:50
SUB_740AF755,2026-05-16 11:00:00,2026-05-16 10:00:00,0,19841532,7238502,2026-05-17 05:04:50
SUB_79B53108,2026-05-16 11:00:00,2026-05-16 10:00:00,0,38285319,4936720,2026-05-17 05:04:50
SUB_F4A3B9CC,2026-05-16 11:00:00,2026-05-16 10:00:00,0,68659148,269830,2026-05-17 05:04:50
SUB_D6F9BD6E,2026-05-16 11:00:00,2026-05-16 10:00:00,0,13907227,9879710,2026-05-17 05:04:50
SUB_CC9B4D3E,2026-05-16 11:00:00,2026-05-16 10:00:00,0,12558288,1884743,2026-05-17 05:04:50
SUB_CBFC3467,2026-05-16 11:00:00,2026-05-16 10:00:00,0,58742793,508618,2026-05-17 05:04:50
SUB_A47F38F2,2026-05-16 11:00:00,2026-05-16 10:00:00,0,95906626,3457308,2026-05-17 05:04:50
SUB_218D0034,2026-05-16 11:00:00,2026-05-16 10:00:00,0,93546789,8300372,2026-05-17 05:04:50
SUB_50E0B9F1,2026-05-16 11:00:00,2026-05-16 10:00:00,0,106487922,9557101,2026-05-17 05:04:50
SUB_D52A65F4,2026-05-16 11:00:00,2026-05-16 10:00:00,0,24061662,1293628,2026-05-17 05:04:50
SUB_BEA8BB8E,2026-05-16 11:00:00,2026-05-16 10:00:00,0,17291237,917236,2026-05-17 05:04:50
SUB_CAF1CAD1,2026-05-16 11:00:00,2026-05-16 10:00:00,0,117205196,1605883,2026-05-17 05:04:50
SUB_26C897D1,2026-05-16 11:00:00,2026-05-16 10:00:00,0,92847613,7488207,2026-05-17 05:04:50
SUB_F0156501,2026-05-16 11:00:00,2026-05-16 10:00:00,0,28042221,3258934,2026-05-17 05:04:50
SUB_D87C0A58,2026-05-16 11:00:00,2026-05-16 10:00:00,0,54396323,4487295,2026-05-17 05:04:50
SUB_F828D966,2026-05-16 11:00:00,2026-05-16 10:00:00,0,8064664,9903884,2026-05-17 05:04:50
SUB_25F0FCE4,2026-05-16 11:00:00,2026-05-16 10:00:00,0,102239046,1761382,2026-05-17 05:04:50
SUB_10A0FE58,2026-05-16 11:00:00,2026-05-16 10:00:00,0,96105586,8930310,2026-05-17 05:04:50
SUB_BC5A4471,2026-05-16 11:00:00,2026-05-16 10:00:00,0,37737510,906954,2026-05-17 05:04:50
SUB_7F51061C,2026-05-16 11:00:00,2026-05-16 10:00:00,0,17093018,3361299,2026-05-17 05:04:50
SUB_05A94655,2026-05-16 11:00:00,2026-05-16 10:00:00,0,115105316,8728589,2026-05-17 05:04:50
SUB_D9E3BA4E,2026-05-16 11:00:00,2026-05-16 10:00:00,0,89650312,6177889,2026-05-17 05:04:50
SUB_A3BA6B25,2026-05-16 11:00:00,2026-05-16 10:00:00,0,119170184,3355734,2026-05-17 05:04:50
SUB_33CE15E1,2026-05-16 11:00:00,2026-05-16 10:00:00,0,18485795,7108768,2026-05-17 05:04:50
SUB_484361B6,2026-05-16 11:00:00,2026-05-16 10:00:00,0,61850320,946397,2026-05-17 05:04:50
SUB_4C75B922,2026-05-16 11:00:00,2026-05-16 10:00:00,0,63725549,1930893,2026-05-17 05:04:50
SUB_CDEC9F72,2026-05-16 11:00:00,2026-05-16 10:00:00,0,66427133,9310917,2026-05-17 05:04:50
SUB_0DAA7036,2026-05-16 11:00:00,2026-05-16 10:00:00,0,54941508,8006743,2026-05-17 05:04:50
SUB_1B537210,2026-05-16 11:00:00,2026-05-16 10:00:00,0,46003254,5626724,2026-05-17 05:04:50
SUB_61248ED4,2026-05-16 11:00:00,2026-05-16 10:00:00,0,71350140,8508915,2026-05-17 05:04:50
SUB_B791258C,2026-05-16 11:00:00,2026-05-16 10:00:00,0,2983651,8605699,2026-05-17 05:04:50
SUB_B1DE4A48,2026-05-16 11:00:00,2026-05-16 10:00:00,0,17978392,2444537,2026-05-17 05:04:50
SUB_185831E8,2026-05-16 11:00:00,2026-05-16 10:00:00,0,43014943,9349489,2026-05-17 05:04:50
SUB_ECC26FCD,2026-05-16 11:00:00,2026-05-16 10:00:00,0,19862703,5324323,2026-05-17 05:04:50
SUB_1FFAFF8D,2026-05-16 11:00:00,2026-05-16 10:00:00,0,22231898,5372188,2026-05-17 05:04:50
SUB_9971268F,2026-05-16 11:00:00,2026-05-16 10:00:00,0,102554390,3720322,2026-05-17 05:04:50
SUB_6808F827,2026-05-16 11:00:00,2026-05-16 10:00:00,0,2637467,6337961,2026-05-17 05:04:50
SUB_C9716412,2026-05-16 11:00:00,2026-05-16 10:00:00,0,95242889,9766640,2026-05-17 05:04:50
SUB_2ED391CE,2026-05-16 11:00:00,2026-05-16 10:00:00,0,15847772,5650779,2026-05-17 05:04:50
SUB_BC1020BC,2026-05-16 11:00:00,2026-05-16 10:00:00,0,86394382,9488431,2026-05-17 05:04:50
SUB_21D17DD5,2026-05-16 11:00:00,2026-05-16 10:00:00,0,113115033,7294169,2026-05-17 05:04:50
SUB_182EF7B1,2026-05-16 11:00:00,2026-05-16 10:00:00,0,41608169,9465798,2026-05-17 05:04:50
SUB_47800A92,2026-05-16 11:00:00,2026-05-16 10:00:00,0,57153495,3147496,2026-05-17 05:04:50
SUB_AFBD0939,2026-05-16 11:00:00,2026-05-16 10:00:00,0,19654337,1624104,2026-05-17 05:04:50
SUB_757B8117,2026-05-16 11:00:00,2026-05-16 10:00:00,0,119473297,3996761,2026-05-17 05:04:50
SUB_A0B8C604,2026-05-16 11:00:00,2026-05-16 10:00:00,0,28357474,9455198,2026-05-17 05:04:50
SUB_68A60286,2026-05-16 11:00:00,2026-05-16 10:00:00,0,78908702,8222135,2026-05-17 05:04:50
SUB_BF2A5126,2026-05-16 11:00:00,2026-05-16 10:00:00,0,78414437,494591,2026-05-17 05:04:50
SUB_CBFDE031,2026-05-16 11:00:00,2026-05-16 10:00:00,0,108852899,7455278,2026-05-17 05:04:50
SUB_816F6949,2026-05-16 11:00:00,2026-05-16 10:00:00,0,70375488,4403764,2026-05-17 05:04:50
SUB_1F306A3E,2026-05-16 11:00:00,2026-05-16 10:00:00,0,30683228,8442870,2026-05-17 05:04:50
SUB_4F7217DB,2026-05-16 11:00:00,2026-05-16 10:00:00,0,22602695,7948106,2026-05-17 05:04:50
SUB_A24C3163,2026-05-16 11:00:00,2026-05-16 10:00:00,0,13396486,777940,2026-05-17 05:04:50
SUB_0391541B,2026-05-16 11:00:00,2026-05-16 10:00:00,0,76190756,1322758,2026-05-17 05:04:50
SUB_D7791E4A,2026-05-16 11:00:00,2026-05-16 10:00:00,0,9610513,9143889,2026-05-17 05:04:50
SUB_899CB0A3,2026-05-16 11:00:00,2026-05-16 10:00:00,0,38587351,9367444,2026-05-17 05:04:50
SUB_D50EFA74,2026-05-16 11:00:00,2026-05-16 10:00:00,0,60350749,2835207,2026-05-17 05:04:50
SUB_F6950D95,2026-05-16 11:00:00,2026-05-16 10:00:00,0,68986757,2191892,2026-05-17 05:04:50
SUB_3F0C7F45,2026-05-16 11:00:00,2026-05-16 10:00:00,0,94517312,3693324,2026-05-17 05:04:50
SUB_9289AB0E,2026-05-16 11:00:00,2026-05-16 10:00:00,0,24930031,1879035,2026-05-17 05:04:50
SUB_A63424E1,2026-05-16 11:00:00,2026-05-16 10:00:00,0,8615265,9948148,2026-05-17 05:04:50
SUB_893BC13A,2026-05-16 11:00:00,2026-05-16 10:00:00,0,20757407,9788947,2026-05-17 05:04:50
SUB_FAC524E5,2026-05-16 11:00:00,2026-05-16 10:00:00,0,38061794,1045949,2026-05-17 05:04:50
SUB_767A04EB,2026-05-16 11:00:00,2026-05-16 10:00:00,0,485892,9134286,2026-05-17 05:04:50
SUB_E5E91216,2026-05-16 11:00:00,2026-05-16 10:00:00,0,90640844,7415503,2026-05-17 05:04:50
SUB_F9C262ED,2026-05-16 11:00:00,2026-05-16 10:00:00,0,29514393,1772355,2026-05-17 05:04:50
SUB_0B7704E4,2026-05-16 11:00:00,2026-05-16 10:00:00,0,38702469,2601846,2026-05-17 05:04:50
SUB_48E36A52,2026-05-16 11:00:00,2026-05-16 10:00:00,0,29000460,9818776,2026-05-17 05:04:50
SUB_5AC236BE,2026-05-16 11:00:00,2026-05-16 10:00:00,0,85102567,7197825,2026-05-17 05:04:50
SUB_B355791F,2026-05-16 11:00:00,2026-05-16 10:00:00,0,44674527,1495156,2026-05-17 05:04:50
SUB_8E0ACFBA,2026-05-16 11:00:00,2026-05-16 10:00:00,0,64032016,5387914,2026-05-17 05:04:50
SUB_2ABEBCBE,2026-05-16 11:00:00,2026-05-16 10:00:00,0,75479418,4617770,2026-05-17 05:04:50
SUB_5FCA8685,2026-05-16 11:00:00,2026-05-16 10:00:00,0,29101729,1432385,2026-05-17 05:04:50
SUB_8A32DE6D,2026-05-16 11:00:00,2026-05-16 10:00:00,0,85230872,7963827,2026-05-17 05:04:50
SUB_C78BD711,2026-05-16 11:00:00,2026-05-16 10:00:00,0,71261696,6565726,2026-05-17 05:04:50
SUB_BCCC3BAF,2026-05-16 11:00:00,2026-05-16 10:00:00,0,43525487,3887080,2026-05-17 05:04:50
SUB_D52E3C45,2026-05-16 11:00:00,2026-05-16 10:00:00,0,18085003,7690954,2026-05-17 05:04:50
SUB_DD43B51B,2026-05-16 11:00:00,2026-05-16 10:00:00,0,67462677,6462907,2026-05-17 05:04:50
SUB_E68F247A,2026-05-16 11:00:00,2026-05-16 10:00:00,0,111295617,1676995,2026-05-17 05:04:50
SUB_8224B4A2,2026-05-16 11:00:00,2026-05-16 10:00:00,0,4934285,1954865,2026-05-17 05:04:50
SUB_F824B1C8,2026-05-16 11:00:00,2026-05-16 10:00:00,0,80953324,6766523,2026-05-17 05:04:50
SUB_74C92756,2026-05-16 11:00:00,2026-05-16 10:00:00,0,49631083,3643475,2026-05-17 05:04:50
SUB_72E34BE4,2026-05-16 11:00:00,2026-05-16 10:00:00,0,40721960,6518913,2026-05-17 05:04:50
SUB_B931D313,2026-05-16 11:00:00,2026-05-16 10:00:00,0,78891129,7947505,2026-05-17 05:04:50
SUB_29491B78,2026-05-16 11:00:00,2026-05-16 10:00:00,0,72957183,5709781,2026-05-17 05:04:50
SUB_DFE34C43,2026-05-16 11:00:00,2026-05-16 10:00:00,0,35966978,6191798,2026-05-17 05:04:50
SUB_2EFC089F,2026-05-16 11:00:00,2026-05-16 10:00:00,0,114270204,4347597,2026-05-17 05:04:50
SUB_D34D61E2,2026-05-16 11:00:00,2026-05-16 10:00:00,0,29373435,942860,2026-05-17 05:04:50
SUB_274815FA,2026-05-16 11:00:00,2026-05-16 10:00:00,0,95335871,8010892,2026-05-17 05:04:50
SUB_2B5D8159,2026-05-16 11:00:00,2026-05-16 10:00:00,0,56258395,2843971,2026-05-17 05:04:50
SUB_3DB03F62,2026-05-16 11:00:00,2026-05-16 10:00:00,0,36724683,3839550,2026-05-17 05:04:50
SUB_6699C703,2026-05-16 11:00:00,2026-05-16 10:00:00,0,6017552,2828459,2026-05-17 05:04:50
SUB_25D5218F,2026-05-16 11:00:00,2026-05-16 10:00:00,0,56119492,7057970,2026-05-17 05:04:50
SUB_1A789DEC,2026-05-16 11:00:00,2026-05-16 10:00:00,0,53339615,3687367,2026-05-17 05:04:50
SUB_8A500F6D,2026-05-16 11:00:00,2026-05-16 10:00:00,0,82497727,5893311,2026-05-17 05:04:50
SUB_CEE99187,2026-05-16 11:00:00,2026-05-16 10:00:00,0,14325584,4115902,2026-05-17 05:04:50
SUB_C93B82A3,2026-05-16 11:00:00,2026-05-16 10:00:00,0,46074211,8460075,2026-05-17 05:04:50
SUB_F9A3C76D,2026-05-16 11:00:00,2026-05-16 10:00:00,0,41034522,2574519,2026-05-17 05:04:50
SUB_20BF78A1,2026-05-16 11:00:00,2026-05-16 10:00:00,0,92271291,3109592,2026-05-17 05:04:50
SUB_B43B71F3,2026-05-16 11:00:00,2026-05-16 10:00:00,0,118149446,1118448,2026-05-17 05:04:50
SUB_8044786A,2026-05-16 11:00:00,2026-05-16 10:00:00,0,82897541,3659990,2026-05-17 05:04:50
SUB_A5DFF3A4,2026-05-16 11:00:00,2026-05-16 10:00:00,0,54994153,3709123,2026-05-17 05:04:50
SUB_2EBB92AF,2026-05-16 11:00:00,2026-05-16 10:00:00,0,101039975,7464027,2026-05-17 05:04:50
SUB_26CB525C,2026-05-16 11:00:00,2026-05-16 10:00:00,0,24241474,1372112,2026-05-17 05:04:50
SUB_80D89701,2026-05-16 11:00:00,2026-05-16 10:00:00,0,50315590,5643926,2026-05-17 05:04:50
SUB_ED840055,2026-05-16 11:00:00,2026-05-16 10:00:00,0,87209662,491176,2026-05-17 05:04:50
SUB_A2844A4B,2026-05-16 11:00:00,2026-05-16 10:00:00,0,84107216,7514908,2026-05-17 05:04:50
SUB_BD2E0E41,2026-05-16 11:00:00,2026-05-16 10:00:00,0,38277305,950544,2026-05-17 05:04:50
SUB_64C4F732,2026-05-16 11:00:00,2026-05-16 10:00:00,0,34939538,7305008,2026-05-17 05:04:50
SUB_249D14E4,2026-05-16 11:00:00,2026-05-16 10:00:00,0,9822180,774360,2026-05-17 05:04:50
SUB_B32001B8,2026-05-16 11:00:00,2026-05-16 10:00:00,0,86484910,4010817,2026-05-17 05:04:50
SUB_BCA8670A,2026-05-16 11:00:00,2026-05-16 10:00:00,0,86594855,8787636,2026-05-17 05:04:50
SUB_6331C875,2026-05-16 11:00:00,2026-05-16 10:00:00,0,100255608,9103269,2026-05-17 05:04:50
SUB_CAEB3127,2026-05-16 11:00:00,2026-05-16 10:00:00,0,72412917,5679342,2026-05-17 05:04:50
SUB_138B3A1F,2026-05-16 11:00:00,2026-05-16 10:00:00,0,1292263,3050326,2026-05-17 05:04:50
SUB_2A455A31,2026-05-16 11:00:00,2026-05-16 10:00:00,0,10936886,4657574,2026-05-17 05:04:50
SUB_70F06420,2026-05-16 11:00:00,2026-05-16 10:00:00,0,74629623,960952,2026-05-17 05:04:50
SUB_0166B3F0,2026-05-16 11:00:00,2026-05-16 10:00:00,0,35527463,3152200,2026-05-17 05:04:50
SUB_6F0FDE03,2026-05-16 11:00:00,2026-05-16 10:00:00,0,61530284,4760917,2026-05-17 05:04:50
SUB_4B28F5E3,2026-05-16 11:00:00,2026-05-16 10:00:00,0,14424336,2331744,2026-05-17 05:04:50
SUB_79C7CC4C,2026-05-16 11:00:00,2026-05-16 10:00:00,0,85382076,7781514,2026-05-17 05:04:50
SUB_BA9358E2,2026-05-16 11:00:00,2026-05-16 10:00:00,0,118562744,5825201,2026-05-17 05:04:50
SUB_50511AC5,2026-05-16 11:00:00,2026-05-16 10:00:00,0,29531763,6795270,2026-05-17 05:04:50
SUB_3D1FC937,2026-05-16 11:00:00,2026-05-16 10:00:00,0,20437956,1383290,2026-05-17 05:04:50
SUB_05D67978,2026-05-16 11:00:00,2026-05-16 10:00:00,0,78844904,2352226,2026-05-17 05:04:50
SUB_A9CDE609,2026-05-16 11:00:00,2026-05-16 10:00:00,0,93282288,6526867,2026-05-17 05:04:50
SUB_87E08411,2026-05-16 11:00:00,2026-05-16 10:00:00,0,51762085,4073248,2026-05-17 05:04:50
SUB_23C9BC6F,2026-05-16 11:00:00,2026-05-16 10:00:00,0,1673802,232275,2026-05-17 05:04:50
SUB_79631F31,2026-05-16 11:00:00,2026-05-16 10:00:00,0,17110701,5929566,2026-05-17 05:04:50
SUB_D7425CFE,2026-05-16 11:00:00,2026-05-16 10:00:00,0,103676899,1703411,2026-05-17 05:04:50
SUB_17271F9C,2026-05-16 11:00:00,2026-05-16 10:00:00,0,97980209,3863414,2026-05-17 05:04:50
SUB_E71446C4,2026-05-16 11:00:00,2026-05-16 10:00:00,0,88630953,1814670,2026-05-17 05:04:50
SUB_144647F3,2026-05-16 11:00:00,2026-05-16 10:00:00,0,77899640,1764616,2026-05-17 05:04:50
SUB_098A05DB,2026-05-16 11:00:00,2026-05-16 10:00:00,0,59197330,5444750,2026-05-17 05:04:50
SUB_77A65215,2026-05-16 11:00:00,2026-05-16 10:00:00,0,204276,4186918,2026-05-17 05:04:50
SUB_F22ED45F,2026-05-16 11:00:00,2026-05-16 10:00:00,0,103078648,5064743,2026-05-17 05:04:50
SUB_277F8422,2026-05-16 11:00:00,2026-05-16 10:00:00,0,50939352,4400501,2026-05-17 05:04:50
SUB_C5A8E563,2026-05-16 11:00:00,2026-05-16 10:00:00,0,46190743,1536018,2026-05-17 05:04:50
SUB_605A3B59,2026-05-16 11:00:00,2026-05-16 10:00:00,0,10734293,8079929,2026-05-17 05:04:50
SUB_C5A29B54,2026-05-16 11:00:00,2026-05-16 10:00:00,0,115480296,4544894,2026-05-17 05:04:50
SUB_9CC9A625,2026-05-16 11:00:00,2026-05-16 10:00:00,0,81038298,4166659,2026-05-17 05:04:50
SUB_7218933C,2026-05-16 11:00:00,2026-05-16 10:00:00,0,72102844,7251042,2026-05-17 05:04:50
SUB_2A23BCE9,2026-05-16 11:00:00,2026-05-16 10:00:00,0,41291258,439381,2026-05-17 05:04:50
SUB_167039A0,2026-05-16 11:00:00,2026-05-16 10:00:00,0,74444823,4506001,2026-05-17 05:04:50
SUB_8342E10E,2026-05-16 11:00:00,2026-05-16 10:00:00,0,55334626,1311551,2026-05-17 05:04:50
SUB_DAB6762A,2026-05-16 11:00:00,2026-05-16 10:00:00,0,30394390,5682051,2026-05-17 05:04:50
SUB_BB045089,2026-05-16 11:00:00,2026-05-16 10:00:00,0,75450851,3598148,2026-05-17 05:04:50
SUB_ECD4AC0D,2026-05-16 11:00:00,2026-05-16 10:00:00,0,114378598,6811883,2026-05-17 05:04:50
SUB_7D13D810,2026-05-16 11:00:00,2026-05-16 10:00:00,0,35241591,4638984,2026-05-17 05:04:50
SUB_B9C87FD9,2026-05-16 11:00:00,2026-05-16 10:00:00,0,48958331,1277791,2026-05-17 05:04:50
SUB_8AF6B75D,2026-05-16 11:00:00,2026-05-16 10:00:00,0,102334471,8231273,2026-05-17 05:04:50
SUB_4A799768,2026-05-16 11:00:00,2026-05-16 10:00:00,0,88165235,9618384,2026-05-17 05:04:50
SUB_9A00B5C6,2026-05-16 11:00:00,2026-05-16 10:00:00,0,95237277,9033949,2026-05-17 05:04:50
SUB_0EECEDB0,2026-05-16 11:00:00,2026-05-16 10:00:00,0,51706617,209034,2026-05-17 05:04:50
SUB_DAE685FC,2026-05-16 11:00:00,2026-05-16 10:00:00,0,76512456,3625621,2026-05-17 05:04:50
SUB_0849F72C,2026-05-16 11:00:00,2026-05-16 10:00:00,0,31136483,7912755,2026-05-17 05:04:50
SUB_C288C510,2026-05-16 11:00:00,2026-05-16 10:00:00,0,43793498,1894951,2026-05-17 05:04:50
SUB_6F62855B,2026-05-16 11:00:00,2026-05-16 10:00:00,0,9895142,6991626,2026-05-17 05:04:50
SUB_4D24CA6F,2026-05-16 11:00:00,2026-05-16 10:00:00,0,14278802,5195495,2026-05-17 05:04:50
SUB_46CBDF16,2026-05-16 11:00:00,2026-05-16 10:00:00,0,57911288,9126718,2026-05-17 05:04:50
SUB_BD02E712,2026-05-16 11:00:00,2026-05-16 10:00:00,0,27669887,2648071,2026-05-17 05:04:50
SUB_4F715F4A,2026-05-16 11:00:00,2026-05-16 10:00:00,0,41645131,2585721,2026-05-17 05:04:50
SUB_3B89B420,2026-05-16 11:00:00,2026-05-16 10:00:00,0,64346368,5678114,2026-05-17 05:04:50
SUB_52180C46,2026-05-16 11:00:00,2026-05-16 10:00:00,0,22515303,3944815,2026-05-17 05:04:50
SUB_734C7E29,2026-05-16 11:00:00,2026-05-16 10:00:00,0,6718398,4496326,2026-05-17 05:04:50
SUB_FF3DA9D0,2026-05-16 11:00:00,2026-05-16 10:00:00,0,12631428,7957885,2026-05-17 05:04:50
SUB_187E52C4,2026-05-16 11:00:00,2026-05-16 10:00:00,0,57781553,1979361,2026-05-17 05:04:50
SUB_6413C1DE,2026-05-16 11:00:00,2026-05-16 10:00:00,0,108197514,9229015,2026-05-17 05:04:50
SUB_24D6777B,2026-05-16 11:00:00,2026-05-16 10:00:00,0,70204089,7545969,2026-05-17 05:04:50
SUB_1D90C1BE,2026-05-16 11:00:00,2026-05-16 10:00:00,0,70825494,310529,2026-05-17 05:04:50
SUB_6F01A1CB,2026-05-16 11:00:00,2026-05-16 10:00:00,0,68725155,4964174,2026-05-17 05:04:50
SUB_46D9B92C,2026-05-16 11:00:00,2026-05-16 10:00:00,0,99261675,3942216,2026-05-17 05:04:50
SUB_763D960E,2026-05-16 11:00:00,2026-05-16 10:00:00,0,31103746,2907043,2026-05-17 05:04:50
SUB_159E249D,2026-05-16 11:00:00,2026-05-16 10:00:00,0,29033178,6833958,2026-05-17 05:04:50
SUB_DD0AA4D8,2026-05-16 11:00:00,2026-05-16 10:00:00,0,74012657,1948827,2026-05-17 05:04:50
SUB_DC5815B9,2026-05-16 11:00:00,2026-05-16 10:00:00,0,110907580,6380753,2026-05-17 05:04:50
SUB_8E1557C8,2026-05-16 11:00:00,2026-05-16 10:00:00,0,40567813,5220846,2026-05-17 05:04:50
SUB_AB4C1CAA,2026-05-16 11:00:00,2026-05-16 10:00:00,0,14483037,406453,2026-05-17 05:04:50
SUB_6F2F62DC,2026-05-16 11:00:00,2026-05-16 10:00:00,0,102033664,7625900,2026-05-17 05:04:50
SUB_925CC507,2026-05-16 11:00:00,2026-05-16 10:00:00,0,53252813,3078657,2026-05-17 05:04:50
SUB_BD31EB65,2026-05-16 11:00:00,2026-05-16 10:00:00,0,80428750,9239004,2026-05-17 05:04:50
SUB_923C4D95,2026-05-16 11:00:00,2026-05-16 10:00:00,0,13560505,705203,2026-05-17 05:04:50
SUB_4541C723,2026-05-16 11:00:00,2026-05-16 10:00:00,0,69720819,5346007,2026-05-17 05:04:50
SUB_20CC0E16,2026-05-16 11:00:00,2026-05-16 10:00:00,0,5004630,402537,2026-05-17 05:04:50
SUB_C3D6F712,2026-05-16 11:00:00,2026-05-16 10:00:00,0,48819792,9359374,2026-05-17 05:04:50
SUB_9D593B7E,2026-05-16 11:00:00,2026-05-16 10:00:00,0,10181966,7377975,2026-05-17 05:04:50
SUB_24FF8988,2026-05-16 11:00:00,2026-05-16 10:00:00,0,31935363,2099813,2026-05-17 05:04:50
SUB_A206E3C6,2026-05-16 11:00:00,2026-05-16 10:00:00,0,81316103,5796100,2026-05-17 05:04:50
SUB_F2FB03F7,2026-05-16 11:00:00,2026-05-16 10:00:00,0,90101875,7476110,2026-05-17 05:04:50
SUB_AF0701B0,2026-05-16 11:00:00,2026-05-16 10:00:00,0,63101509,7743359,2026-05-17 05:04:50
SUB_919905E4,2026-05-16 11:00:00,2026-05-16 10:00:00,0,86790557,6854277,2026-05-17 05:04:50
SUB_3FF2CED5,2026-05-16 11:00:00,2026-05-16 10:00:00,0,69339233,7434599,2026-05-17 05:04:50
SUB_52B59863,2026-05-16 11:00:00,2026-05-16 10:00:00,0,95324649,46187,2026-05-17 05:04:50
SUB_F02422D1,2026-05-16 11:00:00,2026-05-16 10:00:00,0,53787638,75070,2026-05-17 05:04:50
SUB_D387DE17,2026-05-16 11:00:00,2026-05-16 10:00:00,0,30561749,3380872,2026-05-17 05:04:50
SUB_BACCAEBF,2026-05-16 11:00:00,2026-05-16 10:00:00,0,15737387,9358741,2026-05-17 05:04:50
SUB_BA4DBE11,2026-05-16 11:00:00,2026-05-16 10:00:00,0,113970366,4473375,2026-05-17 05:04:50
SUB_1EA6DC46,2026-05-16 11:00:00,2026-05-16 10:00:00,0,24531662,4049940,2026-05-17 05:04:50
SUB_CD06BED0,2026-05-16 11:00:00,2026-05-16 10:00:00,0,17929151,7061017,2026-05-17 05:04:50
SUB_90D66D61,2026-05-16 11:00:00,2026-05-16 10:00:00,0,33711161,6718541,2026-05-17 05:04:50
SUB_110A0051,2026-05-16 11:00:00,2026-05-16 10:00:00,0,5689645,5308413,2026-05-17 05:04:50
SUB_964F7822,2026-05-16 11:00:00,2026-05-16 10:00:00,0,95746532,5990688,2026-05-17 05:04:50
SUB_F87FAA6D,2026-05-16 11:00:00,2026-05-16 10:00:00,0,28734360,5089341,2026-05-17 05:04:50
SUB_177B0720,2026-05-16 11:00:00,2026-05-16 10:00:00,0,43169344,6728533,2026-05-17 05:04:50
SUB_8E99A8BD,2026-05-16 11:00:00,2026-05-16 10:00:00,0,69952151,6262276,2026-05-17 05:04:50
SUB_CD2DE975,2026-05-16 11:00:00,2026-05-16 10:00:00,0,3624208,2187042,2026-05-17 05:04:50
SUB_170D6069,2026-05-16 11:00:00,2026-05-16 10:00:00,0,1030564,2864114,2026-05-17 05:04:50
SUB_8362D113,2026-05-16 11:00:00,2026-05-16 10:00:00,0,59299526,5836618,2026-05-17 05:04:50
SUB_BEFACAB7,2026-05-16 11:00:00,2026-05-16 10:00:00,0,55295048,9249415,2026-05-17 05:04:50
SUB_AD8C19B0,2026-05-16 11:00:00,2026-05-16 10:00:00,0,14365108,3304361,2026-05-17 05:04:50
SUB_6B1C43EA,2026-05-16 11:00:00,2026-05-16 10:00:00,0,52561562,8562290,2026-05-17 05:04:50
SUB_B0DD327B,2026-05-16 11:00:00,2026-05-16 10:00:00,0,22472737,9733016,2026-05-17 05:04:50
SUB_1AF38115,2026-05-16 11:00:00,2026-05-16 10:00:00,0,18058729,3260327,2026-05-17 05:04:50
SUB_9D5CD9BD,2026-05-16 11:00:00,2026-05-16 10:00:00,0,110480299,173231,2026-05-17 05:04:50
SUB_49B5E547,2026-05-16 11:00:00,2026-05-16 10:00:00,0,13335738,998310,2026-05-17 05:04:50
SUB_7D9EF93C,2026-05-16 11:00:00,2026-05-16 10:00:00,0,12232505,9157311,2026-05-17 05:04:50
SUB_3C5765EB,2026-05-16 11:00:00,2026-05-16 10:00:00,0,103344632,1857297,2026-05-17 05:04:50
SUB_BEC4A630,2026-05-16 11:00:00,2026-05-16 10:00:00,0,16095297,2018672,2026-05-17 05:04:50
SUB_4E532C5E,2026-05-16 11:00:00,2026-05-16 10:00:00,0,98577300,5756340,2026-05-17 05:04:50
SUB_6704A0B6,2026-05-16 11:00:00,2026-05-16 10:00:00,0,33676969,4528675,2026-05-17 05:04:50
SUB_C91BCC04,2026-05-16 11:00:00,2026-05-16 10:00:00,0,40969741,4943775,2026-05-17 05:04:50
SUB_ED74BD45,2026-05-16 11:00:00,2026-05-16 10:00:00,0,16764524,4746643,2026-05-17 05:04:50
SUB_4E011EF4,2026-05-16 11:00:00,2026-05-16 10:00:00,0,99450259,9813871,2026-05-17 05:04:50
SUB_1DB0ECB1,2026-05-16 11:00:00,2026-05-16 10:00:00,0,41198378,8750841,2026-05-17 05:04:50
SUB_2D40FB29,2026-05-16 11:00:00,2026-05-16 10:00:00,0,76442833,5064187,2026-05-17 05:04:50
SUB_D3DFA2F0,2026-05-16 11:00:00,2026-05-16 10:00:00,0,52403581,7385107,2026-05-17 05:04:50
SUB_969B3D00,2026-05-16 11:00:00,2026-05-16 10:00:00,0,76479905,7817570,2026-05-17 05:04:50
SUB_E2E44A0C,2026-05-16 11:00:00,2026-05-16 10:00:00,0,34148482,6560738,2026-05-17 05:04:50
SUB_EEDA9C1F,2026-05-16 11:00:00,2026-05-16 10:00:00,0,47298122,3422577,2026-05-17 05:04:50
SUB_512997D9,2026-05-16 11:00:00,2026-05-16 10:00:00,0,99280468,4281698,2026-05-17 05:04:50
SUB_FAE457FB,2026-05-16 11:00:00,2026-05-16 10:00:00,0,91202996,8182599,2026-05-17 05:04:50
SUB_211C70D3,2026-05-16 11:00:00,2026-05-16 10:00:00,0,45489428,1363698,2026-05-17 05:04:50
SUB_A8013F6D,2026-05-16 11:00:00,2026-05-16 10:00:00,0,62885770,6122210,2026-05-17 05:04:50
SUB_F5AE69C4,2026-05-16 11:00:00,2026-05-16 10:00:00,0,96332504,3900625,2026-05-17 05:04:50
SUB_49AD3BF7,2026-05-16 11:00:00,2026-05-16 10:00:00,0,24821589,6642702,2026-05-17 05:04:50
SUB_D89BD6AD,2026-05-16 11:00:00,2026-05-16 10:00:00,0,31748454,9329199,2026-05-17 05:04:50
SUB_DE13DDB4,2026-05-16 11:00:00,2026-05-16 10:00:00,0,27394203,623268,2026-05-17 05:04:50
SUB_093B37A0,2026-05-16 11:00:00,2026-05-16 10:00:00,0,25280712,6379367,2026-05-17 05:04:50
SUB_3EF4631A,2026-05-16 11:00:00,2026-05-16 10:00:00,0,65086016,1140784,2026-05-17 05:04:50
SUB_1A072B79,2026-05-16 11:00:00,2026-05-16 10:00:00,0,3585023,8632586,2026-05-17 05:04:50
SUB_EBA31388,2026-05-16 11:00:00,2026-05-16 10:00:00,0,25438493,4560563,2026-05-17 05:04:50
SUB_68C07153,2026-05-16 11:00:00,2026-05-16 10:00:00,0,12602040,6448191,2026-05-17 05:04:50
SUB_5F041D20,2026-05-16 11:00:00,2026-05-16 10:00:00,0,15814921,1741981,2026-05-17 05:04:50
SUB_EAEB4005,2026-05-16 11:00:00,2026-05-16 10:00:00,0,70456937,7646672,2026-05-17 05:04:50
SUB_4D4B1D10,2026-05-16 11:00:00,2026-05-16 10:00:00,0,16254053,9758975,2026-05-17 05:04:50
SUB_6E716C3F,2026-05-16 11:00:00,2026-05-16 10:00:00,0,110622684,4597094,2026-05-17 05:04:50
SUB_701A7A9E,2026-05-16 11:00:00,2026-05-16 10:00:00,0,45267831,9029891,2026-05-17 05:04:50
SUB_C7DDDB97,2026-05-16 11:00:00,2026-05-16 10:00:00,0,23330470,9761283,2026-05-17 05:04:50
SUB_CF046404,2026-05-16 11:00:00,2026-05-16 10:00:00,0,88051750,1763563,2026-05-17 05:04:50
SUB_71F7BAE3,2026-05-16 11:00:00,2026-05-16 10:00:00,0,31849943,8743342,2026-05-17 05:04:50
SUB_01E27E63,2026-05-16 11:00:00,2026-05-16 10:00:00,0,29293928,6100604,2026-05-17 05:04:50
SUB_B1BB2ED7,2026-05-16 11:00:00,2026-05-16 10:00:00,0,32044657,94426,2026-05-17 05:04:50
SUB_819ED6A1,2026-05-16 11:00:00,2026-05-16 10:00:00,0,80592709,3623237,2026-05-17 05:04:50
SUB_F6179AC8,2026-05-16 11:00:00,2026-05-16 10:00:00,0,60516025,2034451,2026-05-17 05:04:50
SUB_B07B6DD1,2026-05-16 11:00:00,2026-05-16 10:00:00,0,79100516,2574223,2026-05-17 05:04:50
SUB_E0C057CA,2026-05-16 11:00:00,2026-05-16 10:00:00,0,117077500,9891755,2026-05-17 05:04:50
SUB_A2DF4232,2026-05-16 11:00:00,2026-05-16 10:00:00,0,95524446,4249793,2026-05-17 05:04:50
SUB_1D51D7C8,2026-05-16 11:00:00,2026-05-16 10:00:00,0,32268367,4000614,2026-05-17 05:04:50
SUB_777B0717,2026-05-16 11:00:00,2026-05-16 10:00:00,0,9197876,3423624,2026-05-17 05:04:50
SUB_4808C655,2026-05-16 11:00:00,2026-05-16 10:00:00,0,36601145,9967456,2026-05-17 05:04:50
SUB_F8C99DDD,2026-05-16 11:00:00,2026-05-16 10:00:00,0,7279935,3485275,2026-05-17 05:04:50
SUB_1E850A30,2026-05-16 11:00:00,2026-05-16 10:00:00,0,98030068,2279677,2026-05-17 05:04:50
SUB_F81BF16C,2026-05-16 11:00:00,2026-05-16 10:00:00,0,93841710,2896389,2026-05-17 05:04:50
SUB_128D33D8,2026-05-16 11:00:00,2026-05-16 10:00:00,0,63920912,3744639,2026-05-17 05:04:50
SUB_0941F59A,2026-05-16 11:00:00,2026-05-16 10:00:00,0,88778759,351759,2026-05-17 05:04:50
SUB_F2F5FF95,2026-05-16 11:00:00,2026-05-16 10:00:00,0,36938925,9116066,2026-05-17 05:04:50
SUB_339381EB,2026-05-16 11:00:00,2026-05-16 10:00:00,0,62435412,5255631,2026-05-17 05:04:50
SUB_1C4F85A8,2026-05-16 11:00:00,2026-05-16 10:00:00,0,92722028,1269352,2026-05-17 05:04:50
SUB_DBB8FA6E,2026-05-16 11:00:00,2026-05-16 10:00:00,0,1766867,7347224,2026-05-17 05:04:50
SUB_7FC94344,2026-05-16 11:00:00,2026-05-16 10:00:00,0,61932955,2069851,2026-05-17 05:04:50
SUB_A70FF6C5,2026-05-16 11:00:00,2026-05-16 10:00:00,0,73294362,8515090,2026-05-17 05:04:50
SUB_5471C8CF,2026-05-16 11:00:00,2026-05-16 10:00:00,0,64851756,1778341,2026-05-17 05:04:50
SUB_E56ACAD7,2026-05-16 11:00:00,2026-05-16 10:00:00,0,49803120,7467325,2026-05-17 05:04:50
SUB_883E0D02,2026-05-16 11:00:00,2026-05-16 10:00:00,0,1227995,4785277,2026-05-17 05:04:50
SUB_6A902CA0,2026-05-16 11:00:00,2026-05-16 10:00:00,0,25966601,5321440,2026-05-17 05:04:50
SUB_6AB942FC,2026-05-16 11:00:00,2026-05-16 10:00:00,0,105646234,4521740,2026-05-17 05:04:50
SUB_EBEF83F7,2026-05-16 11:00:00,2026-05-16 10:00:00,0,96599243,9907413,2026-05-17 05:04:50
SUB_B5BC5072,2026-05-16 11:00:00,2026-05-16 10:00:00,0,4390390,2259289,2026-05-17 05:04:50
SUB_4CCC53DA,2026-05-16 11:00:00,2026-05-16 10:00:00,0,44727417,7874638,2026-05-17 05:04:50
SUB_D56D43FF,2026-05-16 11:00:00,2026-05-16 10:00:00,0,31802253,6804188,2026-05-17 05:04:50
SUB_705C805F,2026-05-16 11:00:00,2026-05-16 10:00:00,0,83979590,8507135,2026-05-17 05:04:50
SUB_04991E7F,2026-05-16 11:00:00,2026-05-16 10:00:00,0,119364236,5640951,2026-05-17 05:04:50
SUB_DB0D3EBB,2026-05-16 11:00:00,2026-05-16 10:00:00,0,109146721,7449915,2026-05-17 05:04:50
SUB_8B650240,2026-05-16 11:00:00,2026-05-16 10:00:00,0,5425548,5135385,2026-05-17 05:04:50
SUB_ABBC60A0,2026-05-16 11:00:00,2026-05-16 10:00:00,0,22775942,7749079,2026-05-17 05:04:50
SUB_4550720E,2026-05-16 11:00:00,2026-05-16 10:00:00,0,35540666,905790,2026-05-17 05:04:50
SUB_CD980C39,2026-05-16 11:00:00,2026-05-16 10:00:00,0,102659707,9327796,2026-05-17 05:04:50
SUB_0D931B8E,2026-05-16 11:00:00,2026-05-16 10:00:00,0,29812526,1275937,2026-05-17 05:04:50
SUB_C3E0AF56,2026-05-16 11:00:00,2026-05-16 10:00:00,0,66141237,1219689,2026-05-17 05:04:50
SUB_3BE37549,2026-05-16 11:00:00,2026-05-16 10:00:00,0,44387285,9360872,2026-05-17 05:04:50
SUB_08E1A35D,2026-05-16 11:00:00,2026-05-16 10:00:00,0,102242601,8433228,2026-05-17 05:04:50
SUB_239E615F,2026-05-16 11:00:00,2026-05-16 10:00:00,0,60348147,5120519,2026-05-17 05:04:50
SUB_B324842C,2026-05-16 11:00:00,2026-05-16 10:00:00,0,109851359,4366674,2026-05-17 05:04:50
SUB_E5FB599C,2026-05-16 11:00:00,2026-05-16 10:00:00,0,38299302,4310763,2026-05-17 05:04:50
SUB_49C490FB,2026-05-16 11:00:00,2026-05-16 10:00:00,0,87093727,1172871,2026-05-17 05:04:50
SUB_2E427C6D,2026-05-16 11:00:00,2026-05-16 10:00:00,0,59632506,1753465,2026-05-17 05:04:50
SUB_6B4B1376,2026-05-16 11:00:00,2026-05-16 10:00:00,0,83784276,3438155,2026-05-17 05:04:50
SUB_3AEF4DD9,2026-05-16 11:00:00,2026-05-16 10:00:00,0,53984544,3272915,2026-05-17 05:04:50
SUB_2A8D01C2,2026-05-16 11:00:00,2026-05-16 10:00:00,0,49865504,8391738,2026-05-17 05:04:50
SUB_7899C2CE,2026-05-16 11:00:00,2026-05-16 10:00:00,0,102495295,6102274,2026-05-17 05:04:50
SUB_3D11CC32,2026-05-16 11:00:00,2026-05-16 10:00:00,0,5184300,5157556,2026-05-17 05:04:50
SUB_F78C3A99,2026-05-16 11:00:00,2026-05-16 10:00:00,0,14566623,385419,2026-05-17 05:04:50
SUB_6895554C,2026-05-16 11:00:00,2026-05-16 10:00:00,0,63764107,9544531,2026-05-17 05:04:50
SUB_F8B1C63C,2026-05-16 11:00:00,2026-05-16 10:00:00,0,41091729,7171919,2026-05-17 05:04:50
SUB_1E35A282,2026-05-16 11:00:00,2026-05-16 10:00:00,0,57303317,2864750,2026-05-17 05:04:50
SUB_DB89D918,2026-05-16 11:00:00,2026-05-16 10:00:00,0,119012978,9356942,2026-05-17 05:04:50
SUB_152DCB14,2026-05-16 11:00:00,2026-05-16 10:00:00,0,45821286,2674112,2026-05-17 05:04:50
SUB_54E1B4AF,2026-05-16 11:00:00,2026-05-16 10:00:00,0,63675605,2266960,2026-05-17 05:04:50
SUB_FF7EC0F7,2026-05-16 11:00:00,2026-05-16 10:00:00,0,104918352,7579103,2026-05-17 05:04:50
SUB_A788A657,2026-05-16 11:00:00,2026-05-16 10:00:00,0,101231388,9624484,2026-05-17 05:04:50
SUB_B2420D56,2026-05-16 11:00:00,2026-05-16 10:00:00,0,71819270,4544624,2026-05-17 05:04:50
SUB_7EBC9F7D,2026-05-16 11:00:00,2026-05-16 10:00:00,0,61811892,4228003,2026-05-17 05:04:50
SUB_14B3DDEF,2026-05-16 11:00:00,2026-05-16 10:00:00,0,4305950,594866,2026-05-17 05:04:50
SUB_C1EABA0B,2026-05-16 11:00:00,2026-05-16 10:00:00,0,49392062,7278432,2026-05-17 05:04:50
SUB_AD7B09F1,2026-05-16 11:00:00,2026-05-16 10:00:00,0,70684609,6393766,2026-05-17 05:04:50
SUB_41EB0999,2026-05-16 11:00:00,2026-05-16 10:00:00,0,72977464,2769130,2026-05-17 05:04:50
SUB_C7C1D6B5,2026-05-16 11:00:00,2026-05-16 10:00:00,0,40740633,598243,2026-05-17 05:04:50
SUB_695C24E1,2026-05-16 11:00:00,2026-05-16 10:00:00,0,52150397,1855987,2026-05-17 05:04:50
SUB_C6DA4385,2026-05-16 11:00:00,2026-05-16 10:00:00,0,54522748,7798698,2026-05-17 05:04:50
SUB_316B2ACA,2026-05-16 11:00:00,2026-05-16 10:00:00,0,39973940,3479007,2026-05-17 05:04:50
SUB_A27CE65A,2026-05-16 11:00:00,2026-05-16 10:00:00,0,95334156,8539843,2026-05-17 05:04:50
SUB_4C0018BD,2026-05-16 11:00:00,2026-05-16 10:00:00,0,79636207,6720514,2026-05-17 05:04:50
SUB_5206DD09,2026-05-16 11:00:00,2026-05-16 10:00:00,0,33993215,8266114,2026-05-17 05:04:50
SUB_7A697CD7,2026-05-16 11:00:00,2026-05-16 10:00:00,0,56212654,2887816,2026-05-17 05:04:50
SUB_A6E41A79,2026-05-16 11:00:00,2026-05-16 10:00:00,0,23787676,7221690,2026-05-17 05:04:50
SUB_ABD5D268,2026-05-16 11:00:00,2026-05-16 10:00:00,0,106509092,6342344,2026-05-17 05:04:50
SUB_FAE30FAD,2026-05-16 11:00:00,2026-05-16 10:00:00,0,57846280,2286456,2026-05-17 05:04:50
SUB_E710F35E,2026-05-16 11:00:00,2026-05-16 10:00:00,0,50024188,2236033,2026-05-17 05:04:50
SUB_EA95C8A7,2026-05-16 11:00:00,2026-05-16 10:00:00,0,2184174,1497595,2026-05-17 05:04:50
SUB_75643AF2,2026-05-16 11:00:00,2026-05-16 10:00:00,0,114384896,7219067,2026-05-17 05:04:50
SUB_16150EC2,2026-05-16 11:00:00,2026-05-16 10:00:00,0,8126551,5451175,2026-05-17 05:04:50
SUB_8B7EAD89,2026-05-16 11:00:00,2026-05-16 10:00:00,0,105205912,6263627,2026-05-17 05:04:50
SUB_A2EBA838,2026-05-16 11:00:00,2026-05-16 10:00:00,0,66532214,9366696,2026-05-17 05:04:50
SUB_9AAB60BE,2026-05-16 11:00:00,2026-05-16 10:00:00,0,49808506,54731,2026-05-17 05:04:50
SUB_B28719F0,2026-05-16 11:00:00,2026-05-16 10:00:00,0,29434850,6600896,2026-05-17 05:04:50
SUB_2D0E4D9F,2026-05-16 11:00:00,2026-05-16 10:00:00,0,39874484,7617773,2026-05-17 05:04:50
SUB_11510AEE,2026-05-16 11:00:00,2026-05-16 10:00:00,0,89079442,7105327,2026-05-17 05:04:50
SUB_7A2EB8E3,2026-05-16 11:00:00,2026-05-16 10:00:00,0,34467769,7705133,2026-05-17 05:04:50
SUB_3C95E795,2026-05-16 11:00:00,2026-05-16 10:00:00,0,5833071,9157611,2026-05-17 05:04:50
SUB_58CC75A2,2026-05-16 11:00:00,2026-05-16 10:00:00,0,111788090,9364856,2026-05-17 05:04:50
SUB_FFC553DE,2026-05-16 11:00:00,2026-05-16 10:00:00,0,112953858,7048383,2026-05-17 05:04:50
SUB_4D0AF934,2026-05-16 11:00:00,2026-05-16 10:00:00,0,88711334,4741150,2026-05-17 05:04:50
SUB_1E6FDB26,2026-05-16 11:00:00,2026-05-16 10:00:00,0,71697687,5260605,2026-05-17 05:04:50
SUB_8E3EE115,2026-05-16 11:00:00,2026-05-16 10:00:00,0,58826254,5194963,2026-05-17 05:04:50
SUB_CB8CA565,2026-05-16 11:00:00,2026-05-16 10:00:00,0,23949041,9400020,2026-05-17 05:04:50
SUB_04FF863B,2026-05-16 11:00:00,2026-05-16 10:00:00,0,14868753,5007661,2026-05-17 05:04:50
SUB_0A475B06,2026-05-16 11:00:00,2026-05-16 10:00:00,0,78085159,5685697,2026-05-17 05:04:50
SUB_83A41C2A,2026-05-16 11:00:00,2026-05-16 10:00:00,0,60877587,6166106,2026-05-17 05:04:50
SUB_9D47FD9C,2026-05-16 11:00:00,2026-05-16 10:00:00,0,4225201,9100767,2026-05-17 05:04:50
SUB_5FA8086D,2026-05-16 11:00:00,2026-05-16 10:00:00,0,117661320,4731554,2026-05-17 05:04:50
SUB_B3B66A39,2026-05-16 11:00:00,2026-05-16 10:00:00,0,7452262,9605869,2026-05-17 05:04:50
SUB_E8D0D52A,2026-05-16 11:00:00,2026-05-16 10:00:00,0,88216855,867615,2026-05-17 05:04:50
SUB_C22E55FE,2026-05-16 11:00:00,2026-05-16 10:00:00,0,35736779,2950790,2026-05-17 05:04:50
SUB_96981387,2026-05-16 11:00:00,2026-05-16 10:00:00,0,54567005,3106541,2026-05-17 05:04:50
SUB_94AEBA3E,2026-05-16 11:00:00,2026-05-16 10:00:00,0,112737217,4176192,2026-05-17 05:04:50
SUB_BA1C51AC,2026-05-16 11:00:00,2026-05-16 10:00:00,0,65962075,434490,2026-05-17 05:04:50
SUB_F5E2DED2,2026-05-16 11:00:00,2026-05-16 10:00:00,0,100684496,9635799,2026-05-17 05:04:50
SUB_2C9D8495,2026-05-16 11:00:00,2026-05-16 10:00:00,0,52609159,5219184,2026-05-17 05:04:50
SUB_11F8B543,2026-05-16 11:00:00,2026-05-16 10:00:00,0,62121794,3255848,2026-05-17 05:04:50
SUB_774ACD90,2026-05-16 11:00:00,2026-05-16 10:00:00,0,87737661,5222508,2026-05-17 05:04:50
SUB_17471C89,2026-05-16 11:00:00,2026-05-16 10:00:00,0,2125165,6535398,2026-05-17 05:04:50
SUB_2CD8EF97,2026-05-16 11:00:00,2026-05-16 10:00:00,0,98710857,6722644,2026-05-17 05:04:50
SUB_CB93BB2D,2026-05-16 11:00:00,2026-05-16 10:00:00,0,46164164,3693429,2026-05-17 05:04:50
SUB_5E154105,2026-05-16 11:00:00,2026-05-16 10:00:00,0,74616934,9362760,2026-05-17 05:04:50
SUB_6F13DB9A,2026-05-16 11:00:00,2026-05-16 10:00:00,0,53664550,3730605,2026-05-17 05:04:50
SUB_ABCEC8FB,2026-05-16 11:00:00,2026-05-16 10:00:00,0,28148045,8790687,2026-05-17 05:04:50
SUB_BC92F486,2026-05-16 11:00:00,2026-05-16 10:00:00,0,107640130,2890835,2026-05-17 05:04:50
SUB_082B5295,2026-05-16 11:00:00,2026-05-16 10:00:00,0,63547398,8285469,2026-05-17 05:04:50
SUB_B8BBDA30,2026-05-16 11:00:00,2026-05-16 10:00:00,0,34590948,8325292,2026-05-17 05:04:50
SUB_6D8B10A4,2026-05-16 11:00:00,2026-05-16 10:00:00,0,81825842,4690050,2026-05-17 05:04:50
SUB_C72A4412,2026-05-16 11:00:00,2026-05-16 10:00:00,0,114360130,9653742,2026-05-17 05:04:50
SUB_6E9CC9BB,2026-05-16 11:00:00,2026-05-16 10:00:00,0,18182389,6104850,2026-05-17 05:04:50
SUB_EFA08D28,2026-05-16 11:00:00,2026-05-16 10:00:00,0,26342842,1622841,2026-05-17 05:04:50
SUB_74329608,2026-05-16 11:00:00,2026-05-16 10:00:00,0,39691635,4684036,2026-05-17 05:04:50
SUB_F2E85A63,2026-05-16 11:00:00,2026-05-16 10:00:00,0,100350239,4347319,2026-05-17 05:04:50
SUB_50F36920,2026-05-16 11:00:00,2026-05-16 10:00:00,0,18283443,8121229,2026-05-17 05:04:50
SUB_6B1A2FDE,2026-05-16 11:00:00,2026-05-16 10:00:00,0,18852963,314766,2026-05-17 05:04:50
SUB_B5A6EC28,2026-05-16 11:00:00,2026-05-16 10:00:00,0,99055874,3207341,2026-05-17 05:04:50
SUB_23C7DCD2,2026-05-16 11:00:00,2026-05-16 10:00:00,0,15233562,2394834,2026-05-17 05:04:50
SUB_D972DBA1,2026-05-16 11:00:00,2026-05-16 10:00:00,0,72405742,9361769,2026-05-17 05:04:50
SUB_EB1F0210,2026-05-16 11:00:00,2026-05-16 10:00:00,0,37525903,8421546,2026-05-17 05:04:50
SUB_540F7ADC,2026-05-16 11:00:00,2026-05-16 10:00:00,0,27757508,2407114,2026-05-17 05:04:50
SUB_2804F6BE,2026-05-16 11:00:00,2026-05-16 10:00:00,0,44553460,8603569,2026-05-17 05:04:50
SUB_BC6B5ECB,2026-05-16 11:00:00,2026-05-16 10:00:00,0,54537619,4510465,2026-05-17 05:04:50
SUB_A2770DC8,2026-05-16 11:00:00,2026-05-16 10:00:00,0,111816790,4755611,2026-05-17 05:04:50
SUB_8614AC59,2026-05-16 11:00:00,2026-05-16 10:00:00,0,9377616,9684802,2026-05-17 05:04:50
SUB_4B9CA62A,2026-05-16 11:00:00,2026-05-16 10:00:00,0,80820221,8673030,2026-05-17 05:04:50
SUB_B34492DF,2026-05-16 11:00:00,2026-05-16 10:00:00,0,96196654,2751525,2026-05-17 05:04:50
SUB_183DE94F,2026-05-16 11:00:00,2026-05-16 10:00:00,0,55799489,5164594,2026-05-17 05:04:50
SUB_0CD66126,2026-05-16 11:00:00,2026-05-16 10:00:00,0,41120019,6266386,2026-05-17 05:04:50
SUB_C8AD8D93,2026-05-16 11:00:00,2026-05-16 10:00:00,0,101757917,6998335,2026-05-17 05:04:50
SUB_5197E3C2,2026-05-16 11:00:00,2026-05-16 10:00:00,0,111947360,3975250,2026-05-17 05:04:50
SUB_105653E3,2026-05-16 11:00:00,2026-05-16 10:00:00,0,108335093,3663354,2026-05-17 05:04:50
SUB_B583650E,2026-05-16 11:00:00,2026-05-16 10:00:00,0,59280729,3586727,2026-05-17 05:04:50
SUB_1B2C290A,2026-05-16 11:00:00,2026-05-16 10:00:00,0,21304902,4099823,2026-05-17 05:04:50
SUB_8D93E545,2026-05-16 11:00:00,2026-05-16 10:00:00,0,63033160,5942726,2026-05-17 05:04:50
SUB_1998504C,2026-05-16 11:00:00,2026-05-16 10:00:00,0,19354681,4719411,2026-05-17 05:04:50
SUB_0EA6C09F,2026-05-16 11:00:00,2026-05-16 10:00:00,0,49020282,9771927,2026-05-17 05:04:50
SUB_0D397408,2026-05-16 11:00:00,2026-05-16 10:00:00,0,100225580,2058197,2026-05-17 05:04:50
SUB_211C30CF,2026-05-16 11:00:00,2026-05-16 10:00:00,0,98197852,2405459,2026-05-17 05:04:50
SUB_C639EDA6,2026-05-16 11:00:00,2026-05-16 10:00:00,0,86318907,8714090,2026-05-17 05:04:50
SUB_49CFDEE0,2026-05-16 11:00:00,2026-05-16 10:00:00,0,4952117,2025224,2026-05-17 05:04:50
SUB_2E76AE05,2026-05-16 11:00:00,2026-05-16 10:00:00,0,88098045,3504247,2026-05-17 05:04:50
SUB_23E5BCDF,2026-05-16 11:00:00,2026-05-16 10:00:00,0,118264892,9994219,2026-05-17 05:04:50
SUB_A26E6C90,2026-05-16 11:00:00,2026-05-16 10:00:00,0,68569993,2044677,2026-05-17 05:04:50
SUB_01CFBA0A,2026-05-16 11:00:00,2026-05-16 10:00:00,0,76287181,1660626,2026-05-17 05:04:50
SUB_FF2519B6,2026-05-16 11:00:00,2026-05-16 10:00:00,0,81838640,239703,2026-05-17 05:04:50
SUB_B92BAC18,2026-05-16 11:00:00,2026-05-16 10:00:00,0,93303167,8602818,2026-05-17 05:04:50
SUB_5167DD51,2026-05-16 11:00:00,2026-05-16 10:00:00,0,29820688,7729417,2026-05-17 05:04:50
SUB_040827CD,2026-05-16 11:00:00,2026-05-16 10:00:00,0,29379356,1121820,2026-05-17 05:04:50
SUB_C3A48A9B,2026-05-16 11:00:00,2026-05-16 10:00:00,0,74805969,9329007,2026-05-17 05:04:50
SUB_5E0168AA,2026-05-16 11:00:00,2026-05-16 10:00:00,0,35929498,6015584,2026-05-17 05:04:50
SUB_6E69C7FE,2026-05-16 11:00:00,2026-05-16 10:00:00,0,78304041,6739377,2026-05-17 05:04:50
SUB_32498AD1,2026-05-16 11:00:00,2026-05-16 10:00:00,0,21290656,2883938,2026-05-17 05:04:50
SUB_9CD85235,2026-05-16 11:00:00,2026-05-16 10:00:00,0,2847252,47356,2026-05-17 05:04:50
SUB_D1EA43DD,2026-05-16 11:00:00,2026-05-16 10:00:00,0,48585571,2826508,2026-05-17 05:04:50
SUB_18AD13FE,2026-05-16 11:00:00,2026-05-16 10:00:00,0,115382946,4761771,2026-05-17 05:04:50
SUB_6EDA1624,2026-05-16 11:00:00,2026-05-16 10:00:00,0,110527258,728521,2026-05-17 05:04:50
SUB_23D2543A,2026-05-16 11:00:00,2026-05-16 10:00:00,0,87272442,9369471,2026-05-17 05:04:50
SUB_DAAC3CC2,2026-05-16 11:00:00,2026-05-16 10:00:00,0,6234191,4965904,2026-05-17 05:04:50
SUB_93F8EFAE,2026-05-16 11:00:00,2026-05-16 10:00:00,0,110022224,5081929,2026-05-17 05:04:50
SUB_C8BD41F7,2026-05-16 11:00:00,2026-05-16 10:00:00,0,110900302,5626680,2026-05-17 05:04:50
SUB_BCFCBA55,2026-05-16 11:00:00,2026-05-16 10:00:00,0,75200922,1337448,2026-05-17 05:04:50
SUB_6DE3F611,2026-05-16 11:00:00,2026-05-16 10:00:00,0,19533404,6331491,2026-05-17 05:04:50
SUB_1DFA7FD1,2026-05-16 11:00:00,2026-05-16 10:00:00,0,89233325,8089696,2026-05-17 05:04:50
SUB_F5792D00,2026-05-16 11:00:00,2026-05-16 10:00:00,0,81911378,689021,2026-05-17 05:04:50
SUB_A302D2B1,2026-05-16 11:00:00,2026-05-16 10:00:00,0,56321885,5459669,2026-05-17 05:04:50
SUB_BCFC6241,2026-05-16 11:00:00,2026-05-16 10:00:00,0,91777602,3619621,2026-05-17 05:04:50
SUB_16741909,2026-05-16 11:00:00,2026-05-16 10:00:00,0,2781695,9744171,2026-05-17 05:04:50
SUB_0C9BEB02,2026-05-16 11:00:00,2026-05-16 10:00:00,0,49686061,3056844,2026-05-17 05:04:50
SUB_6F06E33E,2026-05-16 11:00:00,2026-05-16 10:00:00,0,95037971,3853694,2026-05-17 05:04:50
SUB_F66DEDAE,2026-05-16 11:00:00,2026-05-16 10:00:00,0,40005631,4012649,2026-05-17 05:04:50
SUB_E4A395F7,2026-05-16 11:00:00,2026-05-16 10:00:00,0,80216211,9070863,2026-05-17 05:04:50
SUB_17963822,2026-05-16 11:00:00,2026-05-16 10:00:00,0,37670634,3611856,2026-05-17 05:04:50
SUB_D9BC9340,2026-05-16 11:00:00,2026-05-16 10:00:00,0,24254561,4450160,2026-05-17 05:04:50
SUB_E91F963C,2026-05-16 11:00:00,2026-05-16 10:00:00,0,45002733,9306844,2026-05-17 05:04:50
SUB_5DC37279,2026-05-16 11:00:00,2026-05-16 10:00:00,0,78107747,1539635,2026-05-17 05:04:50
SUB_CB7F64AA,2026-05-16 11:00:00,2026-05-16 10:00:00,0,43996173,7046561,2026-05-17 05:04:50
SUB_D2A0814D,2026-05-16 11:00:00,2026-05-16 10:00:00,0,67837586,5314138,2026-05-17 05:04:50
SUB_1605B338,2026-05-16 11:00:00,2026-05-16 10:00:00,0,104949643,8630162,2026-05-17 05:04:50
SUB_7694A997,2026-05-16 11:00:00,2026-05-16 10:00:00,0,41582410,5521849,2026-05-17 05:04:50
SUB_9B23DA52,2026-05-16 11:00:00,2026-05-16 10:00:00,0,93670833,1991684,2026-05-17 05:04:50
SUB_01408248,2026-05-16 11:00:00,2026-05-16 10:00:00,0,56748220,692255,2026-05-17 05:04:50
SUB_61471EAA,2026-05-16 11:00:00,2026-05-16 10:00:00,0,28215478,7347251,2026-05-17 05:04:50
SUB_8AD08BF0,2026-05-16 11:00:00,2026-05-16 10:00:00,0,544992,5338400,2026-05-17 05:04:50
SUB_4BE9BB2F,2026-05-16 11:00:00,2026-05-16 10:00:00,0,97757539,660792,2026-05-17 05:04:50
SUB_9F32FED6,2026-05-16 11:00:00,2026-05-16 10:00:00,0,62430006,3699843,2026-05-17 05:04:50
SUB_2DE48720,2026-05-16 11:00:00,2026-05-16 10:00:00,0,3006128,9309583,2026-05-17 05:04:50
SUB_3D68A561,2026-05-16 11:00:00,2026-05-16 10:00:00,0,99114908,5973945,2026-05-17 05:04:50
SUB_ED2D48F2,2026-05-16 11:00:00,2026-05-16 10:00:00,0,109701258,9966772,2026-05-17 05:04:50
SUB_58F5B52C,2026-05-16 11:00:00,2026-05-16 10:00:00,0,40618085,3341112,2026-05-17 05:04:50
SUB_5DDC4B0B,2026-05-16 11:00:00,2026-05-16 10:00:00,0,84650236,3248788,2026-05-17 05:04:50
SUB_CDEA98D2,2026-05-16 11:00:00,2026-05-16 10:00:00,0,49996072,9293395,2026-05-17 05:04:50
SUB_8912411F,2026-05-16 11:00:00,2026-05-16 10:00:00,0,104867250,767011,2026-05-17 05:04:50
SUB_931906C7,2026-05-16 11:00:00,2026-05-16 10:00:00,0,80426039,8473116,2026-05-17 05:04:50
SUB_1861C992,2026-05-16 11:00:00,2026-05-16 10:00:00,0,66318799,4349745,2026-05-17 05:04:50
SUB_5B9CC8BF,2026-05-16 11:00:00,2026-05-16 10:00:00,0,2472330,9708847,2026-05-17 05:04:50
SUB_03BB0769,2026-05-16 11:00:00,2026-05-16 10:00:00,0,102232719,1936320,2026-05-17 05:04:50
SUB_D711C5CC,2026-05-16 11:00:00,2026-05-16 10:00:00,0,74726935,7196469,2026-05-17 05:04:50
SUB_692D7D22,2026-05-16 11:00:00,2026-05-16 10:00:00,0,46544064,1312949,2026-05-17 05:04:50
SUB_AF3B1B9D,2026-05-16 11:00:00,2026-05-16 10:00:00,0,117884090,3880602,2026-05-17 05:04:50
SUB_B7AC9740,2026-05-16 11:00:00,2026-05-16 10:00:00,0,100486696,9861835,2026-05-17 05:04:50
SUB_2053EF2C,2026-05-16 11:00:00,2026-05-16 10:00:00,0,40874192,4806076,2026-05-17 05:04:50
SUB_2A4C73F5,2026-05-16 11:00:00,2026-05-16 10:00:00,0,102786480,8942936,2026-05-17 05:04:50
SUB_C0DBC6EF,2026-05-16 11:00:00,2026-05-16 10:00:00,0,63570599,7542715,2026-05-17 05:04:50
SUB_43309CC4,2026-05-16 11:00:00,2026-05-16 10:00:00,0,67258538,64599,2026-05-17 05:04:50
SUB_618A9B69,2026-05-16 11:00:00,2026-05-16 10:00:00,0,33366262,2345227,2026-05-17 05:04:50
SUB_EFA6DEC3,2026-05-16 11:00:00,2026-05-16 10:00:00,0,82149025,1175043,2026-05-17 05:04:50
SUB_1449F553,2026-05-16 11:00:00,2026-05-16 10:00:00,0,66374690,2706321,2026-05-17 05:04:50
SUB_744E2E94,2026-05-16 11:00:00,2026-05-16 10:00:00,0,10785487,9643731,2026-05-17 05:04:50
SUB_5D28F217,2026-05-16 11:00:00,2026-05-16 10:00:00,0,115011709,4027138,2026-05-17 05:04:50
SUB_8C5B46D9,2026-05-16 11:00:00,2026-05-16 10:00:00,0,102160901,5074561,2026-05-17 05:04:50
SUB_513003B4,2026-05-16 11:00:00,2026-05-16 10:00:00,0,22406978,6254074,2026-05-17 05:04:50
SUB_5021E30D,2026-05-16 11:00:00,2026-05-16 10:00:00,0,69096333,6607111,2026-05-17 05:04:50
SUB_997EF4AE,2026-05-16 11:00:00,2026-05-16 10:00:00,0,95772701,968101,2026-05-17 05:04:50
SUB_C9346796,2026-05-16 11:00:00,2026-05-16 10:00:00,0,51725796,2246066,2026-05-17 05:04:50
SUB_854AC95C,2026-05-16 11:00:00,2026-05-16 10:00:00,0,91158885,868216,2026-05-17 05:04:50
SUB_9DBD090A,2026-05-16 11:00:00,2026-05-16 10:00:00,0,77333942,3767340,2026-05-17 05:04:50
SUB_7E762EAD,2026-05-16 11:00:00,2026-05-16 10:00:00,0,26635260,2969773,2026-05-17 05:04:50
SUB_B8A236C8,2026-05-16 11:00:00,2026-05-16 10:00:00,0,54699569,4149024,2026-05-17 05:04:50
SUB_23ED4BBB,2026-05-16 11:00:00,2026-05-16 10:00:00,0,7268111,1802911,2026-05-17 05:04:50
SUB_8E21757A,2026-05-16 11:00:00,2026-05-16 10:00:00,0,6120003,5214420,2026-05-17 05:04:50
SUB_86C09EF7,2026-05-16 11:00:00,2026-05-16 10:00:00,0,49675376,5979674,2026-05-17 05:04:50
SUB_D63EDAAF,2026-05-16 11:00:00,2026-05-16 10:00:00,0,70634731,8989215,2026-05-17 05:04:50
SUB_1EC76E43,2026-05-16 11:00:00,2026-05-16 10:00:00,0,12051975,3553415,2026-05-17 05:04:50
SUB_97463CD6,2026-05-16 11:00:00,2026-05-16 10:00:00,0,91524178,3946718,2026-05-17 05:04:50
SUB_E898BE80,2026-05-16 11:00:00,2026-05-16 10:00:00,0,108399827,264025,2026-05-17 05:04:50
SUB_AA1073C1,2026-05-16 11:00:00,2026-05-16 10:00:00,0,62041775,6062206,2026-05-17 05:04:50
SUB_8128A1A7,2026-05-16 11:00:00,2026-05-16 10:00:00,0,66834449,2709287,2026-05-17 05:04:50
SUB_A869BA6E,2026-05-16 11:00:00,2026-05-16 10:00:00,0,117507059,807352,2026-05-17 05:04:50
SUB_C70400E3,2026-05-16 11:00:00,2026-05-16 10:00:00,0,189188,1038154,2026-05-17 05:04:50
SUB_2AEFA7A0,2026-05-16 11:00:00,2026-05-16 10:00:00,0,105404496,7905075,2026-05-17 05:04:50
SUB_D8D3A6D2,2026-05-16 11:00:00,2026-05-16 10:00:00,0,49776394,8883654,2026-05-17 05:04:50
SUB_AA6A509B,2026-05-16 11:00:00,2026-05-16 10:00:00,0,26687227,4829383,2026-05-17 05:04:50
SUB_FC93E28A,2026-05-16 11:00:00,2026-05-16 10:00:00,0,11875445,5348981,2026-05-17 05:04:50
SUB_C973E041,2026-05-16 11:00:00,2026-05-16 10:00:00,0,112886951,2551069,2026-05-17 05:04:50
SUB_3C9B4FD6,2026-05-16 11:00:00,2026-05-16 10:00:00,0,17822454,3698181,2026-05-17 05:04:50
SUB_273DA416,2026-05-16 11:00:00,2026-05-16 10:00:00,0,74388756,5305165,2026-05-17 05:04:50
SUB_C621FBCD,2026-05-16 11:00:00,2026-05-16 10:00:00,0,88405999,6599513,2026-05-17 05:04:50
SUB_260018FF,2026-05-16 11:00:00,2026-05-16 10:00:00,0,63438112,4779465,2026-05-17 05:04:50
SUB_8C0A8582,2026-05-16 11:00:00,2026-05-16 10:00:00,0,47705551,7049056,2026-05-17 05:04:50
SUB_0B212E81,2026-05-16 11:00:00,2026-05-16 10:00:00,0,9538077,2912162,2026-05-17 05:04:50
SUB_F0B7E67A,2026-05-16 11:00:00,2026-05-16 10:00:00,0,118696014,9132105,2026-05-17 05:04:50
SUB_44100DC5,2026-05-16 11:00:00,2026-05-16 10:00:00,0,115585530,8777347,2026-05-17 05:04:50
SUB_E34CBFAF,2026-05-16 11:00:00,2026-05-16 10:00:00,0,89124394,7145059,2026-05-17 05:04:50
SUB_F3817E44,2026-05-16 11:00:00,2026-05-16 10:00:00,0,105724921,5674481,2026-05-17 05:04:50
SUB_44C8FF72,2026-05-16 11:00:00,2026-05-16 10:00:00,0,57918174,5768609,2026-05-17 05:04:50
SUB_CDDB1ADD,2026-05-16 11:00:00,2026-05-16 10:00:00,0,38337352,7781638,2026-05-17 05:04:50
SUB_98D0CE0B,2026-05-16 11:00:00,2026-05-16 10:00:00,0,5706402,4227340,2026-05-17 05:04:50
SUB_78341EE5,2026-05-16 11:00:00,2026-05-16 10:00:00,0,50448710,9755956,2026-05-17 05:04:50
SUB_CE050974,2026-05-16 11:00:00,2026-05-16 10:00:00,0,101154454,6747365,2026-05-17 05:04:50
SUB_F3F136FA,2026-05-16 11:00:00,2026-05-16 10:00:00,0,102681560,6486771,2026-05-17 05:04:50
SUB_0DF3BB8E,2026-05-16 11:00:00,2026-05-16 10:00:00,0,39411855,3783098,2026-05-17 05:04:50
SUB_E39D24FB,2026-05-16 11:00:00,2026-05-16 10:00:00,0,97580055,5543990,2026-05-17 05:04:50
SUB_4186ED9C,2026-05-16 11:00:00,2026-05-16 10:00:00,0,59498704,3372475,2026-05-17 05:04:50
SUB_6C7E660D,2026-05-16 11:00:00,2026-05-16 10:00:00,0,41261406,7078884,2026-05-17 05:04:50
SUB_958771CA,2026-05-16 11:00:00,2026-05-16 10:00:00,0,103180117,317744,2026-05-17 05:04:50
SUB_C2DA0D2F,2026-05-16 11:00:00,2026-05-16 10:00:00,0,62317395,6780940,2026-05-17 05:04:50
SUB_A8CFEBFA,2026-05-16 11:00:00,2026-05-16 10:00:00,0,13750823,4547932,2026-05-17 05:04:50
SUB_9DC4CB57,2026-05-16 11:00:00,2026-05-16 10:00:00,0,93170933,3924847,2026-05-17 05:04:50
SUB_D4C3CCD2,2026-05-16 11:00:00,2026-05-16 10:00:00,0,25879201,4641417,2026-05-17 05:04:50
SUB_F56422F8,2026-05-16 11:00:00,2026-05-16 10:00:00,0,979932,7144512,2026-05-17 05:04:50
SUB_523B31BA,2026-05-16 11:00:00,2026-05-16 10:00:00,0,110080933,2578084,2026-05-17 05:04:50
SUB_49F5E6C6,2026-05-16 11:00:00,2026-05-16 10:00:00,0,70109422,8351608,2026-05-17 05:04:50
SUB_326CD3E8,2026-05-16 11:00:00,2026-05-16 10:00:00,0,18385151,4898528,2026-05-17 05:04:50
SUB_75E32282,2026-05-16 11:00:00,2026-05-16 10:00:00,0,101687757,9654159,2026-05-17 05:04:50
SUB_AA6E910F,2026-05-16 11:00:00,2026-05-16 10:00:00,0,16539535,4379454,2026-05-17 05:04:50
SUB_7687ADE6,2026-05-16 11:00:00,2026-05-16 10:00:00,0,3514598,1153264,2026-05-17 05:04:50
SUB_96F78512,2026-05-16 11:00:00,2026-05-16 10:00:00,0,105376272,9299327,2026-05-17 05:04:50
SUB_4629DFDB,2026-05-16 11:00:00,2026-05-16 10:00:00,0,89274580,3239366,2026-05-17 05:04:50
SUB_3DA6E859,2026-05-16 11:00:00,2026-05-16 10:00:00,0,62521964,897532,2026-05-17 05:04:50
SUB_A65C58CD,2026-05-16 11:00:00,2026-05-16 10:00:00,0,39034620,1059709,2026-05-17 05:04:50
SUB_3A62C8C8,2026-05-16 11:00:00,2026-05-16 10:00:00,0,38211302,3207155,2026-05-17 05:04:50
SUB_8128F166,2026-05-16 11:00:00,2026-05-16 10:00:00,0,105480358,6259895,2026-05-17 05:04:50
SUB_7E3AB901,2026-05-16 11:00:00,2026-05-16 10:00:00,0,43387521,6587534,2026-05-17 05:04:50
SUB_681E9CBF,2026-05-16 11:00:00,2026-05-16 10:00:00,0,43161243,3037966,2026-05-17 05:04:50
SUB_4D2FE572,2026-05-16 11:00:00,2026-05-16 10:00:00,0,84365500,6998927,2026-05-17 05:04:50
SUB_1F6BEBC3,2026-05-16 11:00:00,2026-05-16 10:00:00,0,57466608,1721495,2026-05-17 05:04:50
SUB_185524EB,2026-05-16 11:00:00,2026-05-16 10:00:00,0,56378757,6683307,2026-05-17 05:04:50
SUB_C8E641E5,2026-05-16 11:00:00,2026-05-16 10:00:00,0,13452884,8011235,2026-05-17 05:04:50
SUB_232D2A85,2026-05-16 11:00:00,2026-05-16 10:00:00,0,47403893,2212117,2026-05-17 05:04:50
SUB_FE9CE145,2026-05-16 11:00:00,2026-05-16 10:00:00,0,59374642,8061909,2026-05-17 05:04:50
SUB_BE4DE22B,2026-05-16 11:00:00,2026-05-16 10:00:00,0,37318826,2585382,2026-05-17 05:04:50
SUB_A2618FCA,2026-05-16 11:00:00,2026-05-16 10:00:00,0,34802702,2053902,2026-05-17 05:04:50
SUB_8958F429,2026-05-16 11:00:00,2026-05-16 10:00:00,0,118158020,4618179,2026-05-17 05:04:50
SUB_3EB0A378,2026-05-16 11:00:00,2026-05-16 10:00:00,0,112984955,8711257,2026-05-17 05:04:50
SUB_507F2377,2026-05-16 11:00:00,2026-05-16 10:00:00,0,72214961,9587075,2026-05-17 05:04:50
SUB_302F865E,2026-05-16 11:00:00,2026-05-16 10:00:00,0,66657627,4612088,2026-05-17 05:04:50
SUB_5EEC9E8B,2026-05-16 11:00:00,2026-05-16 10:00:00,0,104223120,8924876,2026-05-17 05:04:50
SUB_47FEEFF0,2026-05-16 11:00:00,2026-05-16 10:00:00,0,53879376,5531589,2026-05-17 05:04:50
SUB_1B1C179D,2026-05-16 11:00:00,2026-05-16 10:00:00,0,46143602,6515442,2026-05-17 05:04:50
SUB_FF00DCBC,2026-05-16 11:00:00,2026-05-16 10:00:00,0,63771667,2402262,2026-05-17 05:04:50
SUB_77945C4E,2026-05-16 11:00:00,2026-05-16 10:00:00,0,88733079,4912574,2026-05-17 05:04:50
SUB_9C69AE0C,2026-05-16 11:00:00,2026-05-16 10:00:00,0,67100328,8967553,2026-05-17 05:04:50
SUB_A15A3334,2026-05-16 11:00:00,2026-05-16 10:00:00,0,76054203,6049122,2026-05-17 05:04:50
SUB_1F6D1059,2026-05-16 11:00:00,2026-05-16 10:00:00,0,118079160,3710345,2026-05-17 05:04:50
SUB_C802E2CA,2026-05-16 11:00:00,2026-05-16 10:00:00,0,36198677,9433823,2026-05-17 05:04:50
SUB_21BF19D2,2026-05-16 11:00:00,2026-05-16 10:00:00,0,113992390,4504608,2026-05-17 05:04:50
SUB_DE2423DB,2026-05-16 11:00:00,2026-05-16 10:00:00,0,100945238,9626237,2026-05-17 05:04:50
SUB_83DAC8B5,2026-05-16 11:00:00,2026-05-16 10:00:00,0,7239555,7597312,2026-05-17 05:04:50
SUB_6059182E,2026-05-16 11:00:00,2026-05-16 10:00:00,0,29235391,1557576,2026-05-17 05:04:50
SUB_50D133B5,2026-05-16 11:00:00,2026-05-16 10:00:00,0,102402093,1468637,2026-05-17 05:04:50
SUB_BC21F552,2026-05-16 11:00:00,2026-05-16 10:00:00,0,68034700,3897096,2026-05-17 05:04:50
SUB_90BC4E67,2026-05-16 11:00:00,2026-05-16 10:00:00,0,91549547,3281234,2026-05-17 05:04:50
SUB_33D0C994,2026-05-16 11:00:00,2026-05-16 10:00:00,0,91011876,5053438,2026-05-17 05:04:50
SUB_33A7FE0E,2026-05-16 11:00:00,2026-05-16 10:00:00,0,7381898,9124487,2026-05-17 05:04:50
SUB_23C6D19A,2026-05-16 11:00:00,2026-05-16 10:00:00,0,110272152,7013911,2026-05-17 05:04:50
SUB_69042C43,2026-05-16 11:00:00,2026-05-16 10:00:00,0,64905092,2207979,2026-05-17 05:04:50
SUB_4FF7429D,2026-05-16 11:00:00,2026-05-16 10:00:00,0,78115492,1386544,2026-05-17 05:04:50
SUB_D73E3F5A,2026-05-16 11:00:00,2026-05-16 10:00:00,0,76269434,1346920,2026-05-17 05:04:50
SUB_8BFB4CD1,2026-05-16 11:00:00,2026-05-16 10:00:00,0,119849210,7502659,2026-05-17 05:04:50
SUB_BCA6C348,2026-05-16 11:00:00,2026-05-16 10:00:00,0,52813443,7907379,2026-05-17 05:04:50
SUB_2A7D08E3,2026-05-16 11:00:00,2026-05-16 10:00:00,0,117257139,552704,2026-05-17 05:04:50
SUB_AB1C74DD,2026-05-16 11:00:00,2026-05-16 10:00:00,0,100870332,8751076,2026-05-17 05:04:50
SUB_AFA88A7D,2026-05-16 11:00:00,2026-05-16 10:00:00,0,66405236,265324,2026-05-17 05:04:50
SUB_80171029,2026-05-16 11:00:00,2026-05-16 10:00:00,0,8651737,2896632,2026-05-17 05:04:50
SUB_85429803,2026-05-16 11:00:00,2026-05-16 10:00:00,0,88020721,1136009,2026-05-17 05:04:50
SUB_308131EA,2026-05-16 11:00:00,2026-05-16 10:00:00,0,90784398,3265468,2026-05-17 05:04:50
SUB_C7C5F4BB,2026-05-16 11:00:00,2026-05-16 10:00:00,0,5362667,3077128,2026-05-17 05:04:50
SUB_4B74EF51,2026-05-16 11:00:00,2026-05-16 10:00:00,0,85592417,3215456,2026-05-17 05:04:50
SUB_F7DBB513,2026-05-16 11:00:00,2026-05-16 10:00:00,0,107535169,5630012,2026-05-17 05:04:50
SUB_1FAE544B,2026-05-16 11:00:00,2026-05-16 10:00:00,0,112158770,8404726,2026-05-17 05:04:50
SUB_CE0DDE47,2026-05-16 11:00:00,2026-05-16 10:00:00,0,21715293,5823795,2026-05-17 05:04:50
